"0","# Subset the data"
"0","#~~~~~~~~~~~~~~~~~~~~~~~~~~~~~~~~~~~~~~~~~"
"0","Brexit.lw  <- Brexit %>% dplyr::select(age, employment_1, exposure, #failed balance tests"
"0","                                   referendum, #referendum indicator"
"0","                                   cause_1,cause_2,cause_3,cause_4,cause_5,cause_6,cause_7,cause_8, #DVs 1 (med.)"
"0","                                   remain, independence, unification)  %>% #DVs 2 "
"0","  drop_na()"
"0",""
"0","summary(Brexit.lw)"
"1",""
"1","      age       "
"1","  employment_1   "
"1","    exposure     "
"1","   referendum    "
"1","    cause_1     "
"1","    cause_2     "
"1","    cause_3     "
"1","
"
"1"," Min.   :18.00  "
"1"," Min.   :0.0000  "
"1"," Min.   :0.0000  "
"1"," Min.   :0.0000  "
"1"," Min.   :1.000  "
"1"," Min.   :1.000  "
"1"," Min.   :1.000  "
"1","
"
"1"," 1st Qu.:32.00  "
"1"," 1st Qu.:0.0000  "
"1"," 1st Qu.:0.0000  "
"1"," 1st Qu.:0.0000  "
"1"," 1st Qu.:3.000  "
"1"," 1st Qu.:4.000  "
"1"," 1st Qu.:3.000  "
"1","
"
"1"," Median :47.00  "
"1"," Median :1.0000  "
"1"," Median :0.0000  "
"1"," Median :0.0000  "
"1"," Median :4.000  "
"1"," Median :4.000  "
"1"," Median :4.000  "
"1","
"
"1"," Mean   :47.11  "
"1"," Mean   :0.5086  "
"1"," Mean   :0.4353  "
"1"," Mean   :0.2683  "
"1"," Mean   :3.891  "
"1"," Mean   :4.197  "
"1"," Mean   :3.805  "
"1","
"
"1"," 3rd Qu.:59.00  "
"1"," 3rd Qu.:1.0000  "
"1"," 3rd Qu.:1.0000  "
"1"," 3rd Qu.:1.0000  "
"1"," 3rd Qu.:5.000  "
"1"," 3rd Qu.:5.000  "
"1"," 3rd Qu.:5.000  "
"1","
"
"1"," Max.   :96.00  "
"1"," Max.   :1.0000  "
"1"," Max.   :1.0000  "
"1"," Max.   :1.0000  "
"1"," Max.   :5.000  "
"1"," Max.   :5.000  "
"1"," Max.   :5.000  "
"1","
"
"1",""
"1","    cause_4     "
"1","    cause_5     "
"1","    cause_6     "
"1","    cause_7     "
"1","    cause_8    "
"1","     remain      "
"1","  independence    "
"1","
"
"1"," Min.   :1.000  "
"1"," Min.   :1.000  "
"1"," Min.   :1.000  "
"1"," Min.   :1.000  "
"1"," Min.   :1.00  "
"1"," Min.   :0.0000  "
"1"," Min.   :0.00000  "
"1","
"
"1"," 1st Qu.:3.000  "
"1"," 1st Qu.:3.000  "
"1"," 1st Qu.:3.000  "
"1"," 1st Qu.:2.000  "
"1"," 1st Qu.:3.00  "
"1"," 1st Qu.:0.0000  "
"1"," 1st Qu.:0.00000  "
"1","
"
"1"," Median :4.000  "
"1"," Median :4.000  "
"1"," Median :4.000  "
"1"," Median :3.000  "
"1"," Median :4.00  "
"1"," Median :1.0000  "
"1"," Median :0.00000  "
"1","
"
"1"," Mean   :3.763  "
"1"," Mean   :4.011  "
"1"," Mean   :3.824  "
"1"," Mean   :3.248  "
"1"," Mean   :3.68  "
"1"," Mean   :0.6427  "
"1"," Mean   :0.07644  "
"1","
"
"1"," 3rd Qu.:5.000  "
"1"," 3rd Qu.:5.000  "
"1"," 3rd Qu.:5.000  "
"1"," 3rd Qu.:4.000  "
"1"," 3rd Qu.:5.00  "
"1"," 3rd Qu.:1.0000  "
"1"," 3rd Qu.:0.00000  "
"1","
"
"1"," Max.   :5.000  "
"1"," Max.   :5.000  "
"1"," Max.   :5.00  "
"1"," Max.   :1.0000  "
"1"," Max.   :1.00000  "
"1","
"
"1",""
"1","  unification    "
"1","
"
"1"," Min.   :0.0000  "
"1","
"
"1"," 1st Qu.:0.0000  "
"1","
"
"1"," Median :0.0000  "
"1","
"
"1"," Mean   :0.1919  "
"1","
"
"1"," 3rd Qu.:0.0000  "
"1","
"
"1"," Max.   :1.0000  "
"1","
"
"0","# Re-run the exact same code on the subsample"
"0","#~~~~~~~~~~~~~~~~~~~~~~~~~~~~~~~~~~~~~~~~~~~~~"
"0","## Three model specifications"
"0","right.side.c <- ""~ referendum + age + employment_1 + exposure"""
"0","varlabels <- c(""Brexit"", ""Age"", ""Employed"", ""Conflict Exposure"")"
"0",""
"0","#models without controls"
"0","right.side.nc <- ""~ referendum"""
"0",""
"0","#models with entropy matching"
"0","W.out.lw <- weightit(referendum ~ age + employment_1 + exposure,"
"0","                  data = Brexit.lw, estimand = ""ATT"", method = ""ebal"") #create weights"
"0","summary(W.out.lw)"
"1","                 [4mSummary of weights[24m

"
"1","- [3mWeight ranges[23m:

"
"1","       "
"1","    Min"
"1","                              "
"1","    Max"
"1","
treated"
"1","             ||               "
"1"," 1.0000"
"1","
control"
"1"," 0.3538"
"1"," |---------------------------|"
"1"," 1.9542"
"1","
"
"1","
- [3mUnits with 5 greatest weights by group[23m:
"
"1",""
"1","        "
"1","       "
"1","       "
"1","       "
"1","       "
"1","       "
"1","
"
"1","        "
"1","    474"
"1","    473"
"1","    472"
"1","    471"
"1","    470"
"1","
"
"1"," treated"
"1","      1"
"1","      1"
"1","      1"
"1","      1"
"1","      1"
"1","
"
"1","        "
"1","    191"
"1","    135"
"1","    105"
"1","     95"
"1","      4"
"1","
"
"1"," control"
"1"," 1.9542"
"1"," 1.9542"
"1"," 1.9542"
"1","
"
"1","
- [3mWeight statistics[23m:

"
"1","       "
"1"," Coef of Var"
"1","   MAD"
"1"," Entropy"
"1"," # Zeros"
"1","
treated"
"1","       0.000"
"1","       0"
"1","
control"
"1","       0.426"
"1"," 0.362"
"1","   0.089"
"1","       0"
"1","
"
"1","
- [3mEffective Sample Sizes[23m:

"
"1","          "
"1"," Control"
"1"," Treated"
"1","
Unweighted"
"1","  469.  "
"1","     172"
"1","
Weighted  "
"1","  397.15"
"1","     172"
"1","
"
"0","#### Economic and political causes ####"
"0",""
"0","rootcauses <- Cs(cause_1,cause_2,cause_3,cause_4)"
"0",""
"0",""
"0","ate.rc.em <- vector(length(rootcauses), mode = ""list"")"
"0",""
"0","for (i in 1:(length(rootcauses))){"
"0","  "
"0","  modelformula <- paste(rootcauses[i],right.side.nc)"
"0","  print(modelformula)"
"0","  "
"0","  ate.rc.em[[rootcauses[i]]] <- eval(substitute(lm(.modelformula, data = Brexit.lw, weights = W.out.lw$w), #use weights"
"0","                                                list(.modelformula = modelformula)))"
"0","  print(summary(ate.rc.em[[rootcauses[i]]])) #print results,"
"0","  print(confint(ate.rc.em[[rootcauses[i]]])) #including CIs"
"0","}"
"1","[1]"
"1"," ""cause_1 ~ referendum"""
"1","
"
"1",""
"1","lm(formula = ""cause_1 ~ referendum"", data = Brexit.lw, weights = W.out.lw$w)"
"1",""
"1","

"
"1","Weighted "
"1",""
"1","Residuals:
"
"1","    Min "
"1","     1Q "
"1"," Median "
"1","     3Q "
"1","    Max "
"1","
"
"1"," 1.0106 "
"1"," 1.6165 "
"1","
"
"1","
Coefficients:
"
"1","           "
"1"," Estimate"
"1"," Std. Error"
"1"," t value"
"1"," Pr(>|t|)"
"1","    "
"1","
(Intercept)"
"1","  3.84363"
"1","    0.05078"
"1","  75.691"
"1","   <2e-16"
"1"," ***"
"1","
referendum "
"1","  0.12730"
"1","    "
"1","
"
"1","---
Signif. codes:  "
"1",""
"1","0 ‘***’ 0.001 ‘**’ 0.01 ‘*’ 0.05 ‘.’ 0.1 ‘ ’ 1"
"1","
"
"1","
Residual standard error:"
"1"," "
"1","1.1"
"1"," "
"1","on"
"1"," "
"1","639"
"1"," "
"1","degrees of freedom"
"1","
"
"1","Multiple R-squared: "
"1","0.001071"
"1"," "
"1","
F-statistic:"
"1"," "
"1","1.686"
"1"," "
"1","on"
"1"," "
"1","1"
"1"," "
"1","and"
"1"," "
"1","639"
"1"," "
"1","DF,  p-value:"
"1"," "
"1","0.1946"
"1","
"
"1","
"
"1","           "
"1","
(Intercept)"
"1","  3.74391039"
"1"," 3.9433449"
"1","
referendum "
"1"," -0.06519937"
"1"," 0.3198045"
"1","
"
"1","
Call:
"
"1",""
"1","lm(formula = ""cause_2 ~ referendum"", data = Brexit.lw, weights = W.out.lw$w)"
"1",""
"1",""
"1","Residuals:
"
"1","    Min "
"1","     1Q "
"1"," Median "
"1","     3Q "
"1","    Max "
"1","
"
"1","-4.4288 "
"1","-0.2500 "
"1","-0.1448 "
"1"," 0.7500 "
"1"," 1.1311 "
"1","
"
"1","
Coefficients:
"
"1"," Std. Error"
"1"," t value"
"1"," Pr(>|t|)"
"1","    "
"1","
(Intercept)"
"1","  4.19088"
"1","    0.04158"
"1"," 100.782"
"1","   <2e-16"
"1"," ***"
"1","
referendum "
"1","  0.05912"
"1","    0.08028"
"1","   0.736"
"1","    0.462"
"1","    "
"1","
"
"1","---
Signif. codes:  "
"1",""
"1","0 ‘***’ 0.001 ‘**’ 0.01 ‘*’ 0.05 ‘.’ 0.1 ‘ ’ 1"
"1","
"
"1","
Residual standard error:"
"1"," "
"1","0.9006"
"1"," "
"1","on"
"1"," "
"1"," "
"1","0.000848"
"1",",	Adjusted R-squared: "
"1"," "
"1"," "
"1","on"
"1"," "
"1","1"
"1"," "
"1","and"
"1"," "
"1","639"
"1"," "
"1","DF,  p-value:"
"1"," "
"1","0.4617"
"1","
"
"1","
"
"1","           "
"1","       2.5 %"
"1","    97.5 %"
"1","
(Intercept)"
"1","  4.10922511"
"1"," 4.2725396"
"1","
referendum "
"1"," -0.09851983"
"1"," 0.2167551"
"1","
"
"1","[1]"
"1"," ""cause_3 ~ referendum"""
"1","
"
"1","
Call:
"
"1",""
"1","lm(formula = ""cause_3 ~ referendum"", data = Brexit.lw, weights = W.out.lw$w)"
"1",""
"1","

"
"1","Weighted "
"1"," Median "
"1","     3Q "
"1","    Max "
"1","
"
"1","-3.8986 "
"1","-0.7432 "
"1"," 0.1544 "
"1"," 0.8781 "
"1"," 1.6651 "
"1","
"
"1","
Coefficients:
"
"1","           "
"1"," Estimate"
"1"," Std. Error"
"1"," t value"
"1"," Pr(>|t|)"
"1","    "
"1","
(Intercept)"
"1","  3.80889"
"1","    0.04919"
"1","  77.429"
"1","   <2e-16"
"1"," ***"
"1","
referendum "
"1","    "
"1","
"
"1","---
Signif. codes:  "
"1",""
"1","0 ‘***’ 0.001 ‘**’ 0.01 ‘*’ 0.05 ‘.’ 0.1 ‘ ’ 1"
"1","
"
"1","
Residual standard error:"
"1"," "
"1","1.065"
"1"," "
"1","on"
"1"," "
"1","639"
"1"," "
"1","degrees of freedom"
"1","
"
"1","Multiple R-squared: "
"1"," "
"1","0.0005711"
"1",",	Adjusted R-squared: "
"1"," "
"1","-0.0009929"
"1"," "
"1","
F-statistic:"
"1"," "
"1","0.3652"
"1"," "
"1","on"
"1"," "
"1","1"
"1"," "
"1","and"
"1"," "
"1","639"
"1"," "
"1","DF,  p-value:"
"1"," "
"1","0.5459"
"1","
"
"1","
"
"1","           "
"1","      2.5 %"
"1","   97.5 %"
"1","
(Intercept)"
"1","  3.7122962"
"1"," 3.905492"
"1","
referendum "
"1"," -0.1290949"
"1"," 0.243865"
"1","
"
"1","[1]"
"1"," ""cause_4 ~ referendum"""
"1","
"
"1","
Call:
"
"1",""
"1","lm(formula = ""cause_4 ~ referendum"", data = Brexit.lw, weights = W.out.lw$w)"
"1",""
"1","

"
"1","Weighted "
"1",""
"1","Residuals:
"
"1","    Min "
"1","     1Q "
"1"," Median "
"1","     3Q "
"1","    Max "
"1","
"
"1","-3.8403 "
"1","-0.8008 "
"1"," 0.1794 "
"1"," 0.9407 "
"1"," 1.7238 "
"1","
"
"1","
Coefficients:
"
"1","           "
"1"," Estimate"
"1"," Std. Error"
"1"," t value"
"1"," Pr(>|t|)"
"1","    "
"1","
(Intercept)"
"1","  3.76691"
"1","    0.05106"
"1","   73.77"
"1","   <2e-16"
"1"," ***"
"1","
referendum "
"1","  0.08775"
"1","    0.09857"
"1","    0.89"
"1","    0.374"
"1","    "
"1","
"
"1","---
Signif. codes:  "
"1",""
"1","0 ‘***’ 0.001 ‘**’ 0.01 ‘*’ 0.05 ‘.’ 0.1 ‘ ’ 1"
"1","
"
"1","
Residual standard error:"
"1"," "
"1","1.106"
"1"," "
"1","on"
"1"," "
"1","639"
"1"," "
"1","degrees of freedom"
"1","
"
"1","Multiple R-squared: "
"1"," "
"1","0.001238"
"1",",	Adjusted R-squared: "
"1"," "
"1","-0.0003246"
"1"," "
"1","
F-statistic:"
"1"," "
"1","0.7923"
"1"," "
"1","on"
"1"," "
"1","1"
"1"," "
"1","and"
"1"," "
"1","639"
"1"," "
"1","DF,  p-value:"
"1"," "
"1","0.3737"
"1","
"
"1","
"
"0","ate.rc.c <- vector(length(rootcauses), mode = ""list"")"
"0",""
"0","for (i in 1:(length(rootcauses))){"
"0","  "
"0","  modelformula <- paste(rootcauses[i],right.side.c)"
"0","  print(modelformula)"
"0","                                        list(.modelformula = modelformula)))"
"0","  "
"0","  print(summary(ate.rc.c[[rootcauses[i]]])) #print results,"
"0","  print(confint(ate.rc.c[[rootcauses[i]]])) #including CIs"
"1","
Call:
"
"1",""
"1","lm(formula = ""cause_1 ~ referendum + age + employment_1 + exposure"", 
    data = Brexit.lw)"
"1",""
"1","

"
"1",""
"1","Residuals:
"
"1","    Min "
"1","     1Q "
"1"," Median "
"1","     3Q "
"1","    Max "
"1","
"
"1","-3.1087 "
"1","-0.7702 "
"1"," 0.1320 "
"1"," 1.0154 "
"1"," 1.2756 "
"1","
"
"1","
Coefficients:
"
"1","            "
"1","   Estimate"
"1"," Std. Error"
"1"," t value"
"1"," Pr(>|t|)"
"1","    "
"1","
(Intercept) "
"1","  3.7847584"
"1","  0.1618132"
"1","  23.390"
"1","   <2e-16"
"1"," ***"
"1","
referendum  "
"1","  0.1116589"
"1","  0.1009010"
"1","   1.107"
"1","   0.2689"
"1","    "
"1","
age         "
"1"," -0.0007277"
"1","  0.0027339"
"1","  -0.266"
"1","  0.0955955"
"1","   0.667"
"1","   0.5049"
"1","    "
"1","
exposure    "
"1","  0.1790249"
"1","  0.0909431"
"1","   1.969"
"1","   0.0494"
"1"," *  "
"1","
"
"1","---
Signif. codes:  "
"1",""
"1","0 ‘***’ 0.001 ‘**’ 0.01 ‘*’ 0.05 ‘.’ 0.1 ‘ ’ 1"
"1","
"
"1","
Residual standard error:"
"1"," "
"1","1.111"
"1"," "
"1","on"
"1"," "
"1","636"
"1"," "
"1","0.008859"
"1",",	Adjusted R-squared: "
"1"," "
"1","0.002625"
"1"," "
"1","
F-statistic:"
"1","4"
"1"," "
"1","and"
"1"," "
"1","636"
"1"," "
"1","DF,  p-value:"
"1"," "
"1","0.2253"
"1","
"
"1","
"
"1","            "
"1","         2.5 %"
"1","      97.5 %"
"1","
(Intercept) "
"1","  3.4670055693"
"1"," 4.102511219"
"1","
referendum  "
"1"," -0.0864804473"
"1"," -0.1239442575"
"1"," 0.251497582"
"1","
exposure    "
"1","  0.0004397364"
"1"," 0.357610023"
"1","
"
"1","[1]"
"1"," ""cause_2 ~ referendum + age + employment_1 + exposure"""
"1","
"
"1","
Call:
"
"1",""
"1","lm(formula = ""cause_2 ~ referendum + age + employment_1 + exposure"", 
    data = Brexit.lw)"
"1",""
"1","

"
"1",""
"1","Residuals:
"
"1","    Max "
"1","
"
"1","-3.3052 "
"1","-0.2451 "
"1","-0.1279 "
"1"," 0.7818 "
"1"," 0.9702 "
"1","
"
"1","
Coefficients:
"
"1","            "
"1","  Estimate"
"1"," Std. Error"
"1"," t value"
"1"," Pr(>|t|)"
"1","    "
"1","
(Intercept) "
"1","  4.274642"
"1","   0.133170"
"1"," ***"
"1","
referendum  "
"1","  0.060144"
"1","   0.083040"
"1","   0.724"
"1","    0.469"
"1","    "
"1","
age         "
"1"," -0.002986"
"1","   0.002250"
"1","  -1.327"
"1","    0.185"
"1","    "
"1","
employment_1"
"1","  0.011528"
"1","   0.078674"
"1","   0.147"
"1","    0.884"
"1","    0.213"
"1","    "
"1","
"
"1","---
Signif. codes:  "
"1",""
"1","0 ‘***’ 0.001 ‘**’ 0.01 ‘*’ 0.05 ‘.’ 0.1 ‘ ’ 1"
"1","
"
"1","
Residual standard error:"
"1"," "
"1","0.9145"
"1"," "
"1","on"
"1"," "
"1","Multiple R-squared: "
"1"," "
"1","0.006205"
"1",",	Adjusted R-squared: "
"1"," "
"1","-4.553e-05"
"1"," "
"1","
F-statistic:"
"1"," "
"1","0.9927"
"1"," "
"1","on"
"1"," "
"1","4"
"1"," "
"1"," "
"1","0.4108"
"1","
"
"1","
"
"1","            "
"1","        2.5 %"
"1","      97.5 %"
"1","
(Intercept) "
"1","  4.013136613"
"1"," 4.536148101"
"1","
referendum  "
"1"," -0.102922181"
"1"," 0.223209194"
"1","
age         "
"1"," -0.007404481"
"1"," 0.001431876"
"1","
employment_1"
"1"," -0.142963456"
"1"," 0.166019471"
"1"," ""cause_3 ~ referendum + age + employment_1 + exposure"""
"1","
"
"1","
Call:
"
"1",""
"1","lm(formula = ""cause_3 ~ referendum + age + employment_1 + exposure"", 
    data = Brexit.lw)"
"1",""
"1","

"
"1",""
"1","Residuals:
"
"1","    Min "
"1","     1Q "
"1"," Median "
"1","     3Q "
"1","    Max "
"1","
"
"1","
Coefficients:
"
"1","            "
"1","  Estimate"
"1"," Std. Error"
"1"," t value"
"1"," Pr(>|t|)"
"1","    "
"1","
(Intercept) "
"1","  4.016938"
"1","   0.160414"
"1","  25.041"
"1","   <2e-16"
"1"," ***"
"1","
referendum  "
"1","  0.058541"
"1","   0.100029"
"1","   0.585"
"1","   0.5586"
"1","   0.0279"
"1"," *  "
"1","
employment_1"
"1"," -0.011016"
"1","   0.094769"
"1","  -0.116"
"1","   0.9075"
"1","    "
"1","
exposure    "
"1","  0.136440"
"1","   0.090157"
"1","   1.513"
"1","   0.1307"
"1","    "
"1","
"
"1","---
Signif. codes:  "
"1",""
"1","0 ‘***’ 0.001 ‘**’ 0.01 ‘*’ 0.05 ‘.’ 0.1 ‘ ’ 1"
"1","
"
"1","
Residual standard error:"
"1"," "
"1","1.102"
"1"," "
"1","on"
"1"," "
"1","636"
"1"," "
"1","degrees of freedom"
"1","
"
"1","Multiple R-squared: "
"1"," "
"1","0.01128"
"1",",	Adjusted R-squared: "
"1"," "
"1","0.005063"
"1"," "
"1","on"
"1"," "
"1","4"
"1"," "
"1","and"
"1"," "
"1","636"
"1"," "
"1","DF,  p-value:"
"1"," "
"1","0.1244"
"1","
"
"1","  3.70193231"
"1","  4.3319445210"
"1","
referendum  "
"1"," -0.13788535"
"1","  0.2549678738"
"1","
age         "
"1"," -0.01129585"
"1"," -0.0006516994"
"1","
employment_1"
"1"," -0.19711443"
"1","  0.1750820099"
"1","
exposure    "
"1"," -0.04060166"
"1","  0.3134811752"
"1","
"
"1","[1]"
"1"," ""cause_4 ~ referendum + age + employment_1 + exposure"""
"1","
"
"1","
Call:
"
"1",""
"1","lm(formula = ""cause_4 ~ referendum + age + employment_1 + exposure"", 
    data = Brexit.lw)"
"1",""
"1","

"
"1",""
"1","Residuals:
"
"1","    Min "
"1","     1Q "
"1"," Median "
"1","     3Q "
"1","    Max "
"1"," 1.6014 "
"1","
"
"1","
Coefficients:
"
"1","            "
"1","  Estimate"
"1"," Std. Error"
"1"," t value"
"1","  24.248"
"1","   <2e-16"
"1"," ***"
"1","
referendum  "
"1","  0.104105"
"1","   0.102123"
"1","   1.019"
"1","   0.3084"
"1","    "
"1","
age         "
"1"," -0.006899"
"1","   0.002767"
"1","  -2.493"
"1","   0.0129"
"1"," *  "
"1","
employment_1"
"1"," -0.020330"
"1","   0.096753"
"1","  -0.210"
"1","   0.8336"
"1","    "
"1","
exposure    "
"1","  0.227689"
"1","   0.092044"
"1","   2.474"
"1","   0.0136"
"1"," *  "
"1","
"
"1","---
Signif. codes:  "
"1",""
"1","0 ‘***’ 0.001 ‘**’ 0.01 ‘*’ 0.05 ‘.’ 0.1 ‘ ’ 1"
"1","
"
"1","
Residual standard error:"
"1"," "
"1","1.125"
"1"," "
"1","on"
"1"," "
"1","636"
"1"," "
"1","degrees of freedom"
"1","
"
"1","Multiple R-squared: "
"1"," "
"1"," "
"1","
F-statistic:"
"1"," "
"1","3.061"
"1"," "
"1","on"
"1"," "
"1","4"
"1"," "
"1","and"
"1"," "
"1","636"
"1"," "
"1","DF,  p-value:"
"1"," "
"1","0.01628"
"1","
"
"1","
"
"1","            "
"1","
referendum  "
"1"," -0.09643281"
"1","  0.304643534"
"1","
age         "
"1"," -0.01233205"
"1"," -0.001465093"
"1","
employment_1"
"1"," -0.21032400"
"1","  0.169663179"
"1","
exposure    "
"1","  0.04694143"
"1","  0.408435849"
"1","
"
"0","#model without controls or matching"
"0","ate.rc.nc <- vector(length(rootcauses), mode = ""list"")"
"0",""
"0","for (i in 1:(length(rootcauses))){"
"0","  "
"0","  modelformula <- paste(rootcauses[i],right.side.nc)"
"0","  print(modelformula)"
"0","                                             list(.modelformula = modelformula)))"
"0","  "
"0","  print(summary(ate.rc.nc[[rootcauses[i]]])) #print results,"
"0","  print(confint(ate.rc.nc[[rootcauses[i]]])) #including CIs"
"1","[1]"
"1"," ""cause_1 ~ referendum"""
"1","
"
"1","
Call:
"
"1",""
"1","lm(formula = ""cause_1 ~ referendum"", data = Brexit.lw)"
"1",""
"1","

"
"1",""
"1","Residuals:
"
"1","    Min "
"1","     1Q "
"1"," Median "
"1","     3Q "
"1","    Max "
"1","
"
"1","
"
"1","
Coefficients:
"
"1","           "
"1"," Estimate"
"1"," Std. Error"
"1"," t value"
"1"," Pr(>|t|)"
"1","    "
"1","
(Intercept)"
"1","  3.86141"
"1","    0.05137"
"1","  75.169"
"1","   <2e-16"
"1"," ***"
"1","
referendum "
"1","  0.10952"
"1","    0.09917"
"1","   1.104"
"1","     0.27"
"1","    "
"1","
"
"1","---
Signif. codes:  "
"1",""
"1","on"
"1"," "
"1","639"
"1"," "
"1","degrees of freedom"
"1","
"
"1","Multiple R-squared: "
"1"," "
"1","0.001905"
"1",",	Adjusted R-squared: "
"1"," "
"1","0.0003432"
"1"," "
"1","
F-statistic:"
"1"," "
"1"," 1.22"
"1"," "
"1","on"
"1"," "
"1","1"
"1"," "
"1","and"
"1"," "
"1","639"
"1"," "
"1","DF,  p-value:"
"1"," "
"1","0.2698"
"1","
"
"1","
"
"1","           "
"1","       2.5 %"
"1","    97.5 %"
"1","
(Intercept)"
"1","  3.76053293"
"1"," 3.9622816"
"1","
referendum "
"1","
"
"1","
Call:
"
"1",""
"1","lm(formula = ""cause_2 ~ referendum"", data = Brexit.lw)"
"1",""
"1","

"
"1",""
"1","Residuals:
"
"1","   Min "
"1","    1Q "
"1","Median "
"1","    3Q "
"1","   Max "
"1","
"
"1","-3.250 "
"1","-0.250 "
"1","-0.177 "
"1"," 0.823 "
"1"," 0.823 "
"1","
"
"1","
Coefficients:
"
"1","           "
"1"," Estimate"
"1","  4.17697"
"1","    0.04223"
"1","  98.901"
"1","   <2e-16"
"1"," ***"
"1","
referendum "
"1","  0.07303"
"1","    0.08153"
"1","   0.896"
"1","    0.371"
"1","    "
"1","
"
"1","---
Signif. codes:  "
"1",""
"1","0 ‘***’ 0.001 ‘**’ 0.01 ‘*’ 0.05 ‘.’ 0.1 ‘ ’ 1"
"1","
"
"1","on"
"1"," "
"1","639"
"1"," "
"1","degrees of freedom"
"1","
"
"1","Multiple R-squared: "
"1"," "
"1","0.001254"
"1",",	Adjusted R-squared: "
"1"," "
"1","-0.000309"
"1"," "
"1","
F-statistic:"
"1"," "
"1","0.8023"
"1"," "
"1","on"
"1"," "
"1","1"
"1"," "
"1","and"
"1"," "
"1","0.3708"
"1","
"
"1","
"
"1","           "
"1","      2.5 %"
"1","    97.5 %"
"1","
(Intercept)"
"1","  4.0940381"
"1"," 4.2599064"
"1","
referendum "
"1"," -0.0870748"
"1"," 0.2331302"
"1","
"
"1","[1]"
"1"," ""cause_3 ~ referendum"""
"1","
"
"1","
Call:
"
"1",""
"1","lm(formula = ""cause_3 ~ referendum"", data = Brexit.lw)"
"1",""
"1","    Min "
"1","     1Q "
"1"," Median "
"1","     3Q "
"1","    Max "
"1","
"
"1","-2.8663 "
"1","-0.7825 "
"1"," 0.2175 "
"1"," 1.1337 "
"1"," 1.2175 "
"1","
"
"1","
Coefficients:
"
"1","           "
"1"," Estimate"
"1"," Std. Error"
"1"," t value"
"1"," Pr(>|t|)"
"1","    "
"1","
(Intercept)"
"1","  3.78252"
"1","    0.05101"
"1","  74.155"
"1","   <2e-16"
"1"," ***"
"1","
referendum "
"1","  0.08376"
"1","    0.09847"
"1","---
Signif. codes:  "
"1",""
"1","0 ‘***’ 0.001 ‘**’ 0.01 ‘*’ 0.05 ‘.’ 0.1 ‘ ’ 1"
"1","
"
"1","
Residual standard error:"
"1"," "
"1","1.105"
"1"," "
"1","on"
"1"," "
"1","639"
"1"," "
"1","degrees of freedom"
"1","
"
"1"," "
"1","-0.0004321"
"1"," "
"1","
F-statistic:"
"1"," "
"1","0.7236"
"1"," "
"1","on"
"1"," "
"1","1"
"1"," "
"1","and"
"1"," "
"1","639"
"1"," "
"1","DF,  p-value:"
"1"," "
"1","0.3953"
"1","
"
"1","
"
"1","           "
"1","      2.5 %"
"1","    97.5 %"
"1","
(Intercept)"
"1","  3.6823524"
"1","[1]"
"1"," ""cause_4 ~ referendum"""
"1","
"
"1","
Call:
"
"1",""
"1","lm(formula = ""cause_4 ~ referendum"", data = Brexit.lw)"
"1",""
"1","

"
"1",""
"1"," Median "
"1","     3Q "
"1","    Max "
"1","
"
"1","-2.8546 "
"1","-0.7292 "
"1"," 0.2708 "
"1"," 1.1454 "
"1"," 1.2708 "
"1","
"
"1","
Coefficients:
"
"1","           "
"1"," Estimate"
"1","  3.72921"
"1","    0.05224"
"1","  71.381"
"1","   <2e-16"
"1"," ***"
"1","
referendum "
"1","  0.12544"
"1","---
Signif. codes:  "
"1",""
"1","0 ‘***’ 0.001 ‘**’ 0.01 ‘*’ 0.05 ‘.’ 0.1 ‘ ’ 1"
"1","
"
"1","
Residual standard error:"
"1"," "
"1","1.131"
"1"," "
"1","on"
"1"," "
"1","639"
"1"," "
"1","degrees of freedom"
"1","
"
"1","Multiple R-squared: "
"1"," "
"1","0.002415"
"1",",	Adjusted R-squared: "
"1"," "
"1","0.0008539"
"1"," "
"1","
F-statistic:"
"1"," "
"1","1.547"
"1"," "
"1","on"
"1"," "
"1","639"
"1"," "
"1","DF,  p-value:"
"1"," "
"1","0.214"
"1","
"
"1","
"
"1","           "
"1","       2.5 %"
"1","    97.5 %"
"1","
(Intercept)"
"1","  3.62662111"
"1"," 3.8318011"
"1","
referendum "
"1"," -0.07260758"
"1"," 0.3234877"
"1","
"
"0",""
"0","actorcauses <- Cs(cause_5,cause_6,cause_7,cause_8)"
"0",""
"0","#model with entropy matching"
"0","ate.ac.em <- vector(length(actorcauses), mode = ""list"")"
"0","names(ate.ac.em) <- actorcauses"
"0","  "
"0","  modelformula <- paste(actorcauses[i],right.side.nc)"
"0","  "
"0","  ate.ac.em[[actorcauses[i]]] <- eval(substitute(lm(.modelformula, data = Brexit.lw, weights = W.out.lw$w), #use weights"
"0","  "
"0","  print(summary(ate.ac.em[[actorcauses[i]]])) #print results,"
"0","  print(confint(ate.ac.em[[actorcauses[i]]])) #including CIs"
"0","  "
"1","[1]"
"1"," ""cause_5 ~ referendum"""
"1","
"
"1","
Call:
"
"1",""
"1",""
"1","Residuals:
"
"1","    Min "
"1","     1Q "
"1"," Median "
"1","     3Q "
"1","    Max "
"1","
"
"1","-4.1069 "
"1","
"
"1","
Coefficients:
"
"1","           "
"1"," Estimate"
"1"," Std. Error"
"1"," t value"
"1"," Pr(>|t|)"
"1","    "
"1","
(Intercept)"
"1","  3.95898"
"1","    0.05103"
"1","  77.587"
"1","   <2e-16"
"1","    "
"1","
"
"1","---
Signif. codes:  "
"1",""
"1","0 ‘***’ 0.001 ‘**’ 0.01 ‘*’ 0.05 ‘.’ 0.1 ‘ ’ 1"
"1","
"
"1","
Residual standard error:"
"1"," "
"1","1.105"
"1"," "
"1","on"
"1"," "
"1","639"
"1"," "
"1","degrees of freedom"
"1","
"
"1","Multiple R-squared: "
"1"," "
"1","0.0006658"
"1",",	Adjusted R-squared: "
"1"," "
"1","-0.0008981"
"1"," "
"1","
F-statistic:"
"1"," "
"1","0.4257"
"1"," "
"1","639"
"1"," "
"1","DF,  p-value:"
"1"," "
"1","0.5143"
"1","
"
"1","
"
"1"," 4.0591850"
"1","
referendum "
"1"," -0.1291632"
"1"," 0.2577053"
"1","
"
"1","[1]"
"1"," ""cause_6 ~ referendum"""
"1","
"
"1","
Call:
"
"1",""
"1","lm(formula = ""cause_6 ~ referendum"", data = Brexit.lw, weights = W.out.lw$w)"
"1",""
"1","

"
"1","Weighted "
"1",""
"1","     3Q "
"1","    Max "
"1","
"
"1","-3.8752 "
"1","-0.7791 "
"1"," 0.2209 "
"1"," 1.0333 "
"1"," 1.6886 "
"1","
"
"1","
Coefficients:
"
"1","           "
"1"," Estimate"
"1","  3.79205"
"1","    0.05576"
"1","  68.004"
"1","   <2e-16"
"1"," ***"
"1","
referendum "
"1"," -0.01298"
"1","    0.10765"
"1","  -0.121"
"1","    0.904"
"1",""
"1","0 ‘***’ 0.001 ‘**’ 0.01 ‘*’ 0.05 ‘.’ 0.1 ‘ ’ 1"
"1","
"
"1","
Residual standard error:"
"1"," "
"1","1.208"
"1"," "
"1","on"
"1"," "
"1","639"
"1"," "
"1","degrees of freedom"
"1","
"
"1","Multiple R-squared: "
"1"," "
"1","2.275e-05"
"1","
F-statistic:"
"1"," "
"1","0.01454"
"1"," "
"1","on"
"1"," "
"1","1"
"1"," "
"1","and"
"1"," "
"1","639"
"1"," "
"1","DF,  p-value:"
"1"," "
"1","    97.5 %"
"1","
(Intercept)"
"1","  3.6825481"
"1"," 3.9015480"
"1","
referendum "
"1"," -0.2243654"
"1"," 0.1984089"
"1","
"
"1","[1]"
"1"," ""cause_7 ~ referendum"""
"1","
"
"1","
Call:
"
"1","Weighted "
"1",""
"1","Residuals:
"
"1","    Min "
"1","     1Q "
"1"," Median "
"1","     3Q "
"1","    Max "
"1","
"
"1","-3.0812 "
"1","-0.9255 "
"1","-0.1576 "
"1"," 0.8563 "
"1"," Estimate"
"1"," Std. Error"
"1"," t value"
"1"," Pr(>|t|)"
"1","    "
"1","
(Intercept)"
"1","  3.21997"
"1","    0.05786"
"1","  55.650"
"1","   <2e-16"
"1"," ***"
"1","
referendum "
"1","  0.22189"
"1","    0.11170"
"1","   1.986"
"1","   0.0474"
"1"," *  "
"1","
"
"1","---
Signif. codes:  "
"1",""
"1","0 ‘***’ 0.001 ‘**’ 0.01 ‘*’ 0.05 ‘.’ 0.1 ‘ ’ 1"
"1","on"
"1"," "
"1","639"
"1"," "
"1","degrees of freedom"
"1","
"
"1","Multiple R-squared: "
"1"," "
"1","0.006138"
"1",",	Adjusted R-squared: "
"1"," "
"1","0.004582"
"1"," "
"1","
F-statistic:"
"1"," "
"1","3.946"
"1"," "
"1","on"
"1"," "
"1","1"
"1"," "
"1","and"
"1"," "
"1","639"
"1"," "
"1","DF,  p-value:"
"1","       2.5 %"
"1","    97.5 %"
"1","
(Intercept)"
"1"," 3.106351773"
"1"," 3.3335916"
"1","
referendum "
"1"," 0.002547998"
"1","
Call:
"
"1",""
"1","lm(formula = ""cause_8 ~ referendum"", data = Brexit.lw, weights = W.out.lw$w)"
"1",""
"1","

"
"1","Weighted "
"1",""
"1","Residuals:
"
"1","    Min "
"1","     1Q "
"1"," Median "
"1","     3Q "
"1","    Max "
"1","
"
"1","-3.6416 "
"1","-0.7832 "
"1"," 0.2754 "
"1"," 1.0440 "
"1"," 1.9239 "
"1","
"
"1","
Coefficients:
"
"1","           "
"1"," Estimate"
"1"," Std. Error"
"1"," t value"
"1"," Pr(>|t|)"
"1","    "
"1","
(Intercept)"
"1","  3.62374"
"1","    0.05369"
"1","    0.10365"
"1","   2.116"
"1","   0.0348"
"1"," *  "
"1","
"
"1","---
Signif. codes:  "
"1",""
"1","on"
"1"," "
"1","639"
"1"," "
"1","degrees of freedom"
"1","
"
"1","Multiple R-squared: "
"1"," "
"1","0.006955"
"1",",	Adjusted R-squared: "
"1"," "
"1","0.005401"
"1"," "
"1","
F-statistic:"
"1"," "
"1","4.476"
"1"," "
"1","on"
"1"," "
"1","1"
"1"," "
"1","and"
"1"," "
"1","639"
"1"," "
"1","DF,  p-value:"
"1"," "
"1","0.03477"
"1","
"
"1","
"
"1","           "
"1","      2.5 %"
"1","    97.5 %"
"1","
(Intercept)"
"1"," 3.51830761"
"1"," 3.7291773"
"1","
referendum "
"1"," 0.01574123"
"0","#model with controls"
"0","ate.ac.c <- vector(length(actorcauses), mode = ""list"")"
"0","names(ate.ac.c) <- actorcauses"
"0",""
"0","for (i in 1:(length(actorcauses))){"
"0","  "
"0","  modelformula <- paste(actorcauses[i],right.side.c)"
"0","  "
"0","  ate.ac.c[[actorcauses[i]]] <- eval(substitute(lm(.modelformula, data = Brexit.lw), "
"0","  "
"0","  print(summary(ate.ac.c[[actorcauses[i]]])) #print results,"
"0","  print(confint(ate.ac.c[[actorcauses[i]]])) #including CIs"
"0","}"
"1","[1]"
"1"," ""cause_5 ~ referendum + age + employment_1 + exposure"""
"1","
"
"1","
Call:
"
"1",""
"1","lm(formula = ""cause_5 ~ referendum + age + employment_1 + exposure"", 
    data = Brexit.lw)"
"1",""
"1","

"
"1",""
"1","Residuals:
"
"1","    Min "
"1","     1Q "
"1"," Median "
"1","     3Q "
"1","    Max "
"1","
"
"1","-3.2099 "
"1","-0.8138 "
"1"," 0.0905 "
"1"," 0.9363 "
"1"," 1.1929 "
"1"," t value"
"1"," Pr(>|t|)"
"1","    "
"1","
(Intercept) "
"1","  3.788244"
"1","   0.160854"
"1","  0.061480"
"1","   0.100303"
"1","   0.613"
"1","   0.5401"
"1","    "
"1","
age         "
"1","  0.003318"
"1","   0.002718"
"1","   1.221"
"1","   0.2225"
"1","    "
"1","
employment_1"
"1"," -0.044175"
"1","   0.095029"
"1","  -0.465"
"1","   0.6422"
"1","    "
"1","
exposure    "
"1","  0.166138"
"1","   0.090404"
"1","   1.838"
"1","   0.0666"
"1"," .  "
"1","
"
"1","---
Signif. codes:  "
"1",""
"1","0 ‘***’ 0.001 ‘**’ 0.01 ‘*’ 0.05 ‘.’ 0.1 ‘ ’ 1"
"1","
"
"1","
Residual standard error:"
"1"," "
"1","1.105"
"1"," "
"1","on"
"1"," "
"1","636"
"1"," "
"1","degrees of freedom"
"1","
"
"1","Multiple R-squared: "
"1"," "
"1","0.0113"
"1"," "
"1","1.817"
"1"," "
"1","on"
"1"," "
"1","4"
"1"," "
"1","DF,  p-value:"
"1"," "
"1","0.1239"
"1","
"
"1","
"
"1","            "
"1","        2.5 %"
"1","      97.5 %"
"1","
(Intercept) "
"1","  3.472374180"
"1"," 4.104114152"
"1","
referendum  "
"1"," -0.135485414"
"1"," 0.258445180"
"1","
age         "
"1"," -0.002018366"
"1"," 0.008654976"
"1","
employment_1"
"1"," -0.230783360"
"1"," 0.142433806"
"1","
exposure    "
"1"," -0.011389226"
"1"," 0.343664655"
"1","
"
"1","[1]"
"1"," ""cause_6 ~ referendum + age + employment_1 + exposure"""
"1","
"
"1","
Call:
"
"1",""
"1","Residuals:
"
"1","    Min "
"1","     1Q "
"1"," Median "
"1","     3Q "
"1","    Max "
"1","
"
"1","-3.0634 "
"1","-0.7680 "
"1"," 0.2125 "
"1"," 1.0985 "
"1"," 1.3861 "
"1","
"
"1","
Coefficients:
"
"1","            "
"1","  Estimate"
"1"," Std. Error"
"1","   0.175002"
"1","  21.172"
"1","   <2e-16"
"1"," ***"
"1","
referendum  "
"1"," -0.009671"
"1","   0.109125"
"1","  -0.089"
"1","   0.663"
"1","   0.5073"
"1","    "
"1","
employment_1"
"1"," -0.120769"
"1","   0.103387"
"1","  -1.168"
"1","   0.2432"
"1","    "
"1","
exposure    "
"1","  0.207274"
"1","   0.098356"
"1","   2.107"
"1","   0.0355"
"1"," *  "
"1","
"
"1","---
Signif. codes:  "
"1",""
"1","0 ‘***’ 0.001 ‘**’ 0.01 ‘*’ 0.05 ‘.’ 0.1 ‘ ’ 1"
"1","on"
"1"," "
"1","636"
"1"," "
"1","degrees of freedom"
"1","
"
"1","Multiple R-squared: "
"1"," "
"1","0.01343"
"1",",	Adjusted R-squared: "
"1"," "
"1","0.007223"
"1"," "
"1","
F-statistic:"
"1"," "
"1","2.164"
"1"," "
"1","on"
"1"," "
"1","4"
"1"," "
"1","and"
"1"," "
"1","636"
"1"," "
"1","            "
"1","        2.5 %"
"1","      97.5 %"
"1","
(Intercept) "
"1","  3.361443023"
"1"," 4.048747662"
"1","
referendum  "
"1"," -0.223960730"
"1"," 0.204618015"
"1","
age         "
"1"," -0.003844456"
"1"," 0.007767659"
"1","
employment_1"
"1"," -0.323790291"
"1"," 0.082253177"
"1","
exposure    "
"1","  0.014132895"
"1"," 0.400415527"
"1","
"
"1","[1]"
"1"," ""cause_7 ~ referendum + age + employment_1 + exposure"""
"1","
"
"1","
Call:
"
"1",""
"1","lm(formula = ""cause_7 ~ referendum + age + employment_1 + exposure"", 
    data = Brexit.lw)"
"1",""
"1","

"
"1",""
"1","Residuals:
"
"1","     Min "
"1","      1Q "
"1","-2.68998 "
"1","-1.03504 "
"1"," 0.00156 "
"1"," 0.85744 "
"1"," 2.14300 "
"1","
"
"1","
Coefficients:
"
"1","            "
"1","  Estimate"
"1"," Std. Error"
"1"," t value"
"1"," Pr(>|t|)"
"1","    "
"1","
(Intercept) "
"1","  3.628297"
"1","   0.186956"
"1","  19.407"
"1","  < 2e-16"
"1"," ***"
"1","  0.05647"
"1"," .  "
"1","
age         "
"1"," -0.008478"
"1","   0.003159"
"1","  -2.684"
"1","  0.00746"
"1"," ** "
"1","
employment_1"
"1"," -0.087265"
"1","   0.110449"
"1","   0.105074"
"1","   0.083"
"1","  0.93415"
"1","    "
"1","
"
"1","---
Signif. codes:  "
"1",""
"1","0 ‘***’ 0.001 ‘**’ 0.01 ‘*’ 0.05 ‘.’ 0.1 ‘ ’ 1"
"1","
"
"1","
Residual standard error:"
"1"," "
"1","1.284"
"1"," "
"1","on"
"1"," "
"1","636"
"1"," "
"1","degrees of freedom"
"1","
"
"1","Multiple R-squared: "
"1"," "
"1","
F-statistic:"
"1"," "
"1","3.216"
"1"," "
"1","on"
"1"," "
"1","4"
"1"," "
"1","and"
"1"," "
"1","636"
"1"," "
"1","DF,  p-value:"
"1"," "
"1","0.01253"
"1","
"
"1","
"
"1","            "
"1","        2.5 %"
"1","      97.5 %"
"1","
(Intercept) "
"1","  3.261170915"
"1","  3.99542363"
"1","
referendum  "
"1"," -0.006157475"
"1","  0.45169642"
"1","
age         "
"1"," -0.014680730"
"1"," -0.00227542"
"1","
employment_1"
"1"," -0.304154989"
"1","  0.12962430"
"1","
exposure    "
"1"," -0.197649789"
"1","  0.21501885"
"1","
"
"1","[1]"
"1"," ""cause_8 ~ referendum + age + employment_1 + exposure"""
"1","
"
"1",""
"1","

"
"1",""
"1","Residuals:
"
"1","    Min "
"1","     1Q "
"1"," Median "
"1"," 0.2601 "
"1"," 1.0450 "
"1"," 1.8119 "
"1","
"
"1","
Coefficients:
"
"1","            "
"1","  Estimate"
"1"," Std. Error"
"1"," t value"
"1"," Pr(>|t|)"
"1","    "
"1","
(Intercept) "
"1","  3.848456"
"1","   0.171833"
"1","  22.396"
"1","  < 2e-16"
"1"," ***"
"1","
referendum  "
"1","  0.214343"
"1","   0.107149"
"1","   2.000"
"1","  0.04588"
"1"," *  "
"1","
age         "
"1"," -0.006878"
"1","   0.002903"
"1","  -2.369"
"1","  0.01812"
"1"," *  "
"1","
employment_1"
"1"," -0.061529"
"1","   0.101515"
"1","  -0.606"
"1","  0.54466"
"1","    "
"1","
exposure    "
"1","  0.297666"
"1","---
Signif. codes:  "
"1",""
"1","0 ‘***’ 0.001 ‘**’ 0.01 ‘*’ 0.05 ‘.’ 0.1 ‘ ’ 1"
"1","
"
"1","
Residual standard error:"
"1"," "
"1","1.18"
"1"," "
"1","on"
"1"," "
"1","636"
"1"," "
"1","degrees of freedom"
"1","
"
"1","Multiple R-squared: "
"1"," "
"1","0.0262"
"1",",	Adjusted R-squared: "
"1"," "
"1","0.02008"
"1"," "
"1","
F-statistic:"
"1"," "
"1","4.279"
"1"," "
"1","on"
"1"," "
"1","636"
"1"," "
"1","DF,  p-value:"
"1"," "
"1","0.002008"
"1","
"
"1","
"
"1","            "
"1","        2.5 %"
"1","       97.5 %"
"1","
(Intercept) "
"1","  3.511026762"
"1","  4.185884506"
"1","
referendum  "
"1","  0.003934651"
"1","  0.424751954"
"1","
age         "
"1"," -0.012579207"
"1"," -0.001177383"
"1","
employment_1"
"1"," -0.260873927"
"1","  0.137816208"
"1","
exposure    "
"1","  0.108022839"
"1","  0.487310000"
"1","
"
"0","#model without controls"
"0","ate.ac.nc <- vector(length(actorcauses), mode = ""list"")"
"0",""
"0","for (i in 1:(length(actorcauses))){"
"0","  "
"0","  modelformula <- paste(actorcauses[i],right.side.nc)"
"0","  print(modelformula)"
"0","  "
"0","  "
"0","  print(summary(ate.ac.nc[[actorcauses[i]]])) #print results,"
"0","  print(confint(ate.ac.nc[[actorcauses[i]]])) #including CIs"
"1","[1]"
"1"," ""cause_5 ~ referendum"""
"1","
"
"1","
Call:
"
"1",""
"1","lm(formula = ""cause_5 ~ referendum"", data = Brexit.lw)"
"1",""
"1","

"
"1",""
"1","Residuals:
"
"1","    Min "
"1","     1Q "
"1"," Median "
"1","     3Q "
"1","    Max "
"1","
"
"1","-3.0233 "
"1","-1.0064 "
"1","-0.0064 "
"1","           "
"1"," Estimate"
"1"," Std. Error"
"1"," t value"
"1"," Pr(>|t|)"
"1","    "
"1","
(Intercept)"
"1","  0.01686"
"1","    0.09879"
"1","   0.171"
"1","    0.865"
"1","    "
"1","
"
"1","---
Signif. codes:  "
"1",""
"1","0 ‘***’ 0.001 ‘**’ 0.01 ‘*’ 0.05 ‘.’ 0.1 ‘ ’ 1"
"1","
"
"1","
Residual standard error:"
"1"," "
"1","1.108"
"1"," "
"1","on"
"1"," "
"1","639"
"1"," "
"1","degrees of freedom"
"1","
"
"1","Multiple R-squared: "
"1"," "
"1","4.557e-05"
"1",",	Adjusted R-squared: "
"1"," "
"1","-0.001519"
"1"," "
"1","
F-statistic:"
"1"," "
"1","0.02912"
"1"," "
"1","on"
"1"," "
"1","1"
"1"," "
"1","and"
"1"," "
"1","639"
"1"," "
"1","
"
"1","           "
"1","      2.5 %"
"1","    97.5 %"
"1","
(Intercept)"
"1","  3.9059030"
"1"," 4.1068902"
"1","
referendum "
"1"," -0.1771414"
"1"," 0.2108599"
"1","
Call:
"
"1",""
"1","lm(formula = ""cause_6 ~ referendum"", data = Brexit.lw)"
"1",""
"1","

"
"1",""
"1","Residuals:
"
"1","    Min "
"1","     1Q "
"1"," Median "
"1","     3Q "
"1","    Max "
"1","
"
"1","-2.8401 "
"1","-0.8401 "
"1"," 0.1599 "
"1"," 1.1599 "
"1"," 1.2209 "
"1","
"
"1","
Coefficients:
"
"1","           "
"1"," Estimate"
"1"," Std. Error"
"1","  68.912"
"1","   <2e-16"
"1"," ***"
"1","
referendum "
"1"," -0.06102"
"1","    0.10758"
"1","  -0.567"
"1","    0.571"
"1","    "
"1","
"
"1","---
Signif. codes:  "
"1",""
"1","0 ‘***’ 0.001 ‘**’ 0.01 ‘*’ 0.05 ‘.’ 0.1 ‘ ’ 1"
"1","
"
"1","
Residual standard error:"
"1"," "
"1","1.207"
"1"," "
"1","on"
"1"," "
"1"," "
"1","0.0005032"
"1",",	Adjusted R-squared: "
"1"," "
"1","-0.001061"
"1"," "
"1","
F-statistic:"
"1"," "
"1","0.3217"
"1"," "
"1","on"
"1"," "
"1","1"
"1"," "
"1","and"
"1"," "
"1","639"
"1"," "
"1","DF,  p-value:"
"1"," "
"1","0.5708"
"1","
"
"1","
"
"1","           "
"1","      2.5 %"
"1","    97.5 %"
"1","
(Intercept)"
"1","
"
"1","[1]"
"1"," ""cause_7 ~ referendum"""
"1","
"
"1","
Call:
"
"1",""
"1","lm(formula = ""cause_7 ~ referendum"", data = Brexit.lw)"
"1",""
"1","

"
"1",""
"1","Residuals:
"
"1","   Min "
"1","    1Q "
"1","Median "
"1","    3Q "
"1","   Max "
"1","
"
"1","-2.442 "
"1","-1.177 "
"1","-0.177 "
"1"," 0.823 "
"1"," 1.823 "
"1","
"
"1","
Coefficients:
"
"1","           "
"1"," Estimate"
"1"," Std. Error"
"1"," t value"
"1"," Pr(>|t|)"
"1","    "
"1","
(Intercept)"
"1","  3.17697"
"1","  0.26489"
"1","    0.11485"
"1","   2.306"
"1","   0.0214"
"1"," *  "
"1","
"
"1","---
Signif. codes:  "
"1",""
"1","0 ‘***’ 0.001 ‘**’ 0.01 ‘*’ 0.05 ‘.’ 0.1 ‘ ’ 1"
"1","
"
"1","
Residual standard error:"
"1"," "
"1","1.288"
"1"," "
"1","on"
"1"," "
"1","639"
"1"," "
"1","degrees of freedom"
"1","
"
"1","Multiple R-squared: "
"1"," "
"1","0.008256"
"1",",	Adjusted R-squared: "
"1"," "
"1","0.006704"
"1"," "
"1","
F-statistic:"
"1"," "
"1","5.319"
"1"," "
"1","on"
"1"," "
"1","1"
"1"," "
"1","and"
"1","0.02141"
"1","
"
"1","
"
"1","           "
"1","      2.5 %"
"1","    97.5 %"
"1","
(Intercept)"
"1"," 3.06014695"
"1"," 3.2937976"
"1","
referendum "
"1"," 0.03935949"
"1"," 0.4904169"
"1","
"
"1","[1]"
"1"," ""cause_8 ~ referendum"""
"1","
"
"1","
Call:
"
"1",""
"1","lm(formula = ""cause_8 ~ referendum"", data = Brexit.lw)"
"1","    Min "
"1","     1Q "
"1"," Median "
"1","     3Q "
"1","    Max "
"1","
"
"1","-2.8430 "
"1","-0.6205 "
"1"," 0.3795 "
"1"," 1.1570 "
"1"," 1.3795 "
"1","
"
"1","
Coefficients:
"
"1","           "
"1"," Estimate"
"1"," Std. Error"
"1"," t value"
"1"," Pr(>|t|)"
"1","    "
"1","
(Intercept)"
"1","   3.6205"
"1","     0.0549"
"1","   65.95"
"1","   <2e-16"
"1"," ***"
"1","
referendum "
"1","   0.2225"
"1","     0.1060"
"1","    2.10"
"1","   0.0361"
"1"," *  "
"1","
Residual standard error:"
"1"," "
"1","1.189"
"1"," "
"1","on"
"1"," "
"1","639"
"1"," "
"1","degrees of freedom"
"1","
"
"1","Multiple R-squared: "
"1"," "
"1","0.006854"
"1",",	Adjusted R-squared: "
"1"," "
"1","0.0053"
"1"," "
"1","
F-statistic:"
"1"," "
"1"," 4.41"
"1"," "
"1","on"
"1"," "
"1","1"
"1"," "
"1","and"
"1"," "
"1","639"
"1"," "
"1","DF,  p-value:"
"1"," "
"1","0.03612"
"1","
"
"1","
"
"1","           "
"1","      2.5 %"
"1","   97.5 %"
"1","
(Intercept)"
"1"," 0.430664"
"1","
"
"0",""
"0","### Get b's and ci's for rootcauses"
"0","cis.rc.em <- matrix(NA,length(rootcauses),2)"
"0","b.rc.em <- matrix(NA,length(rootcauses),1)"
"0","cis.rc.c <- matrix(NA,length(rootcauses),2)"
"0","b.rc.c <- matrix(NA,length(rootcauses),1)"
"0","cis.rc.nc <- matrix(NA,length(rootcauses),2)"
"0",""
"0","for (i in 1:length(rootcauses))"
"0","{"
"0","  b.rc.em[i] <- ate.rc.em[[i]]$coefficients[2]"
"0","  ci.rc.em <- confint(ate.rc.em[[i]])"
"0","  ub.rc.em <- ci.rc.em[2,2]"
"0","  cis.rc.em[i,] <- cbind(lb.rc.em,ub.rc.em)"
"0","}"
"1","[1]"
"1"," 0.1273026"
"1","
"
"1","[1]"
"1","[1]"
"1"," 0.08774507"
"1","
"
"0","for (i in 1:length(rootcauses))"
"0","{"
"0","  b.rc.c[i] <- ate.rc.c[[i]]$coefficients[2]"
"0","  ci.rc.c <- confint(ate.rc.c[[i]])"
"0","  print(b.rc.c[i])"
"0","  ub.rc.c <- ci.rc.c[2,2]"
"0","  cis.rc.c[i,] <- cbind(lb.rc.c,ub.rc.c)"
"0","}"
"1"," 0.1116589"
"1","
"
"1","[1]"
"1"," 0.06014351"
"1","
"
"1","[1]"
"1"," 0.05854126"
"1","
"
"1","[1]"
"1"," 0.1041054"
"1","
"
"0","for (i in 1:length(rootcauses))"
"0","{"
"0","  ci.rc.nc <- confint(ate.rc.nc[[i]])"
"0","  print(b.rc.nc[i])"
"0","  ub.rc.nc <- ci.rc.nc[2,2]"
"0","  cis.rc.nc[i,] <- cbind(lb.rc.nc,ub.rc.nc)"
"1","[1]"
"1"," 0.109523"
"1","
"
"1","[1]"
"1"," 0.07302772"
"1","
"
"1","[1]"
"1"," 0.08376308"
"1","
"
"1","[1]"
"1"," 0.1254401"
"1","
"
"0","### Get b's and ci's for actor causes"
"0","cis.ac.em <- matrix(NA,length(actorcauses),2)"
"0","cis.ac.c <- matrix(NA,length(actorcauses),2)"
"0","b.ac.c <- matrix(NA,length(actorcauses),1)"
"0","b.ac.nc <- matrix(NA,length(actorcauses),1)"
"0",""
"0",""
"0","{"
"0","  b.ac.em[i] <- ate.ac.em[[i]]$coefficients[2]"
"0","  ci.ac.em <- confint(ate.ac.em[[i]])"
"0","  lb.ac.em <- ci.ac.em[2,1]"
"0","  ub.ac.em <- ci.ac.em[2,2]"
"0","  cis.ac.em[i,] <- cbind(lb.ac.em,ub.ac.em)"
"1","[1]"
"1"," 0.06427105"
"1","
"
"1","[1]"
"1"," -0.01297829"
"1","
"
"1","[1]"
"1"," 0.2218888"
"1","
"
"1","[1]"
"1"," 0.2192808"
"1","
"
"0","for (i in 1:length(actorcauses))"
"0","{"
"0","  ci.ac.c <- confint(ate.ac.c[[i]])"
"0","  print(b.ac.c[i])"
"0","  ub.ac.c <- ci.ac.c[2,2]"
"0","  cis.ac.c[i,] <- cbind(lb.ac.c,ub.ac.c)"
"0","}"
"1","
"
"1","[1]"
"1"," -0.009671358"
"1","
"
"1","[1]"
"1"," 0.2227695"
"1","
"
"0","{"
"0","  b.ac.nc[i] <- ate.ac.nc[[i]]$coefficients[2]"
"0","  ci.ac.nc <- confint(ate.ac.nc[[i]])"
"0","  print(b.ac.nc[i])"
"0","  lb.ac.nc <- ci.ac.nc[2,1]"
"0","  cis.ac.nc[i,] <- cbind(lb.ac.nc,ub.ac.nc)"
"0","}"
"1","
"
"1","[1]"
"1"," -0.06101552"
"1","
"
"1","[1]"
"1"," 0.2225542"
"1","
"
"0","### Specify y-labs and labels: rootcauses"
"0","rc.vnames <-c(causes_1 = ""Economic inequality\n and poverty"","
"0","              causes_2 = ""Community-based,\n inequality"", "
"0","              causes_4 = ""Lack of Democracy"")"
"0",""
"0","### Specify y-labs and labels: actorcauses"
"0","ac.vnames <-c(causes_5 = ""Extremist\n Republicans"","
"0","              causes_7 = ""Illegitimate rule\n from Westminster"","
"0",""
"0","### Jitter to position coefficients"
"0","jitter.c <-  -0.15"
