"0","stargazer(econ.rdd, comm.rdd, disc.rdd, dem.rdd,"
"0","          covariate.labels = c(""Campaign"", ""Brexit"", ""Campaign*Brexit""), "
"0","          title=""Regression Discontinuity Estimates for Perceptions of Conflict Causes I"","
"0","          model.numbers = F,"
"0","          omit.stat = c(""ser"", ""f""),"
"0","          type='latex',         "
"0","          header=FALSE,"
"0","          font.size = ""small"","
"0","          label = ""rdd.causes.1"","
"0","          star.cutoffs = c(.05, .01, .001),"
"0","          notes = c(""* p<0.05; ** p<0.01; *** p<0.001"", ""Entropy matching applied.""),"
"0","          notes.append = F)"
"2","length of NULL cannot be changed"
"2","length of NULL cannot be changed"
"2","length of NULL cannot be changed"
"2","length of NULL cannot be changed"
"2","length of NULL cannot be changed"
"1","
"
"1","\begin{"
"1",""
"1","table"
"1",""
"1","}["
"1",""
"1","!htbp"
"1",""
"1","] \centering 
"
"1","  \caption{"
"1",""
"1","Regression Discontinuity Estimates for Perceptions of Conflict Causes I"
"1",""
"1","} 
"
"1","  \label{"
"1",""
"1","rdd.causes.1"
"1",""
"1","} 
"
"1","\"
"1",""
"1","small"
"1",""
"1"," 
"
"1","\begin{tabular}{"
"1",""
"1","@{\extracolsep{5pt}}lcccc"
"1",""
"1","} 
"
"1","\\["
"1",""
"1","-1.8ex"
"1",""
"1","]"
"1","\hline 
"
"1","\hline "
"1","\\["
"1",""
"1","-1.8ex"
"1",""
"1","]"
"1"," 
"
"1"," & \multicolumn{"
"1",""
"1","4"
"1",""
"1","}{c}{"
"1",""
"1","\textit{Dependent variable:}"
"1",""
"1","} \\ 
"
"1","\cline{2-"
"1",""
"1","5"
"1",""
"1","} 
"
"1","\\["
"1",""
"1","-1.8ex"
"1",""
"1","]"
"1",""
"1"," & "
"1",""
"1",""
"1",""
"1","cause\_1"
"1",""
"1",""
"1"," & "
"1",""
"1",""
"1",""
"1","cause\_2"
"1",""
"1",""
"1"," & "
"1",""
"1",""
"1",""
"1","cause\_3"
"1",""
"1",""
"1"," & "
"1",""
"1",""
"1",""
"1","cause\_4"
"1",""
"1",""
"1"," \\ 
"
"1","\hline "
"1","\\["
"1",""
"1","-1.8ex"
"1",""
"1","]"
"1"," 
"
"1"," "
"1",""
"1",""
"1",""
"1","Campaign"
"1",""
"1",""
"1"," & "
"1",""
"1","0.011"
"1","$"
"1",""
"1","^{"
"1",""
"1","**"
"1",""
"1","}"
"1",""
"1","$"
"1"," & "
"1",""
"1","0.006"
"1","$"
"1",""
"1","^{"
"1",""
"1","*"
"1",""
"1","}"
"1",""
"1","$"
"1"," & "
"1",""
"1","0.009"
"1","$"
"1",""
"1","^{"
"1",""
"1","*"
"1",""
"1","}"
"1",""
"1","$"
"1"," & "
"1",""
"1","0.011"
"1","$"
"1",""
"1","^{"
"1",""
"1","**"
"1",""
"1","}"
"1",""
"1","$"
"1"," \\ 
 "
"1"," & "
"1",""
"1","("
"1",""
"1","0.004"
"1",""
"1",")"
"1"," & "
"1",""
"1","("
"1",""
"1","0.003"
"1",""
"1",")"
"1"," & "
"1",""
"1","("
"1",""
"1","0.003"
"1",""
"1",")"
"1"," & "
"1",""
"1","("
"1",""
"1","0.004"
"1",""
"1",")"
"1"," \\ 
 "
"1"," "
"1","& "
"1","& "
"1","& "
"1","& "
"1","\\ 
"
"1"," "
"1",""
"1",""
"1",""
"1","Brexit"
"1",""
"1",""
"1"," & "
"1",""
"1","$-$0.016"
"1"," & "
"1",""
"1","$-$0.089"
"1"," & "
"1",""
"1","$-$0.106"
"1"," & "
"1",""
"1","$-$0.155"
"1"," \\ 
 "
"1"," & "
"1",""
"1","("
"1",""
"1","0.179"
"1",""
"1",")"
"1"," & "
"1",""
"1","("
"1",""
"1","0.148"
"1",""
"1",")"
"1"," & "
"1",""
"1","("
"1",""
"1","0.173"
"1",""
"1",")"
"1"," & "
"1",""
"1","("
"1",""
"1","0.180"
"1",""
"1",")"
"1"," \\ 
 "
"1"," "
"1","& "
"1","& "
"1","& "
"1","& "
"1","\\ 
"
"1"," "
"1",""
"1",""
"1",""
"1","Campaign*Brexit"
"1",""
"1",""
"1"," & "
"1",""
"1","$-$0.027"
"1","$"
"1",""
"1","^{"
"1",""
"1","*"
"1",""
"1","}"
"1",""
"1","$"
"1"," & "
"1",""
"1","$-$0.011"
"1"," & "
"1",""
"1","$-$0.016"
"1"," & "
"1",""
"1","$-$0.019"
"1"," \\ 
 "
"1"," & "
"1",""
"1","("
"1",""
"1","0.013"
"1",""
"1",")"
"1"," & "
"1",""
"1","("
"1",""
"1","0.011"
"1",""
"1",")"
"1"," & "
"1",""
"1","("
"1",""
"1","0.013"
"1",""
"1",")"
"1"," & "
"1",""
"1","("
"1",""
"1","0.013"
"1",""
"1",")"
"1"," \\ 
 "
"1"," "
"1","& "
"1","& "
"1","& "
"1","& "
"1","\\ 
"
"1"," "
"1",""
"1",""
"1",""
"1","Constant"
"1",""
"1",""
"1"," & "
"1",""
"1","4.093"
"1","$"
"1",""
"1","^{"
"1",""
"1","***"
"1",""
"1","}"
"1",""
"1","$"
"1"," & "
"1",""
"1","4.321"
"1","$"
"1",""
"1","^{"
"1",""
"1","***"
"1",""
"1","}"
"1",""
"1","$"
"1"," & "
"1",""
"1","4.005"
"1","$"
"1",""
"1","^{"
"1",""
"1","***"
"1",""
"1","}"
"1",""
"1","$"
"1"," & "
"1",""
"1","4.044"
"1","$"
"1",""
"1","^{"
"1",""
"1","***"
"1",""
"1","}"
"1",""
"1","$"
"1"," \\ 
 "
"1"," & "
"1",""
"1","("
"1",""
"1","0.100"
"1",""
"1",")"
"1"," & "
"1",""
"1","("
"1",""
"1","0.082"
"1",""
"1",")"
"1"," & "
"1",""
"1","("
"1",""
"1","0.095"
"1",""
"1",")"
"1"," & "
"1",""
"1","("
"1",""
"1","0.100"
"1",""
"1",")"
"1"," \\ 
 "
"1"," "
"1","& "
"1","& "
"1","& "
"1","& "
"1","\\ 
"
"1","\hline "
"1","\\["
"1",""
"1","-1.8ex"
"1",""
"1","]"
"1"," 
"
"1","Observations"
"1"," & "
"1",""
"1","732"
"1"," & "
"1",""
"1","741"
"1"," & "
"1",""
"1","726"
"1"," & "
"1",""
"1","715"
"1"," \\ 
"
"1","R$^{2}$"
"1"," & "
"1",""
"1","0.016"
"1"," & "
"1",""
"1","0.006"
"1"," & "
"1",""
"1","0.010"
"1"," & "
"1",""
"1","0.014"
"1"," \\ 
"
"1","Adjusted R$^{2}$"
"1"," & "
"1",""
"1","0.012"
"1"," & "
"1",""
"1","0.002"
"1"," & "
"1",""
"1","0.006"
"1"," & "
"1",""
"1","0.010"
"1"," \\ 
"
"1","\hline 
"
"1","\hline "
"1","\\["
"1",""
"1","-1.8ex"
"1",""
"1","]"
"1"," 
"
"1","\textit{Note:} "
"1"," & \multicolumn{"
"1",""
"1","4"
"1",""
"1","}{"
"1",""
"1","r"
"1",""
"1","}{"
"1",""
"1","* p<0.05; ** p<0.01; *** p<0.001"
"1",""
"1","} \\ 
"
"1"," & \multicolumn{"
"1",""
"1","4"
"1",""
"1","}{"
"1",""
"1","r"
"1",""
"1","}{"
"1",""
"1","Entropy matching applied."
"1",""
"1","} \\ 
"
"1","\end{tabular} 
"
"1","\end{"
"1",""
"1","table"
"1",""
"1","} 
"
"2","length of NULL cannot be changed"
"2","length of NULL cannot be changed"
"2","length of NULL cannot be changed"
"2","length of NULL cannot be changed"
"2","length of NULL cannot be changed"
"0","stargazer(rep.rdd, loy.rdd, ill.rdd, part.rdd,"
"0","          covariate.labels = c(""Campaign"", ""Brexit"", ""Campaign*Brexit""), "
"0","          title=""Regression Discontinuity Estimates for Perceptions of Conflict Causes II"","
"0","          model.numbers = F,"
"0","          omit.stat = c(""ser"", ""f""),"
"0","          type='latex',         "
"0","          header=FALSE,"
"0","          font.size = ""small"","
"0","          label = ""rdd.causes.2"","
"0","          star.cutoffs = c(.05, .01, .001),"
"0","          notes = c(""* p<0.05; ** p<0.01; *** p<0.001"", ""Entropy matching applied.""),"
"0","          notes.append = F)"
"2","length of NULL cannot be changed"
"2","length of NULL cannot be changed"
"2","length of NULL cannot be changed"
"2","length of NULL cannot be changed"
"2","length of NULL cannot be changed"
"1","
"
"1","\begin{"
"1",""
"1","table"
"1",""
"1","}["
"1",""
"1","!htbp"
"1",""
"1","] \centering 
"
"1","  \caption{"
"1",""
"1","Regression Discontinuity Estimates for Perceptions of Conflict Causes II"
"1",""
"1","} 
"
"1","  \label{"
"1",""
"1","rdd.causes.2"
"1",""
"1","} 
"
"1","\"
"1",""
"1","small"
"1",""
"1"," 
"
"1","\begin{tabular}{"
"1",""
"1","@{\extracolsep{5pt}}lcccc"
"1",""
"1","} 
"
"1","\\["
"1",""
"1","-1.8ex"
"1",""
"1","]"
"1","\hline 
"
"1","\hline "
"1","\\["
"1",""
"1","-1.8ex"
"1",""
"1","]"
"1"," 
"
"1"," & \multicolumn{"
"1",""
"1","4"
"1",""
"1","}{c}{"
"1",""
"1","\textit{Dependent variable:}"
"1",""
"1","} \\ 
"
"1","\cline{2-"
"1",""
"1","5"
"1",""
"1","} 
"
"1","\\["
"1",""
"1","-1.8ex"
"1",""
"1","]"
"1",""
"1"," & "
"1",""
"1",""
"1",""
"1","cause\_5"
"1",""
"1",""
"1"," & "
"1",""
"1",""
"1",""
"1","cause\_6"
"1",""
"1",""
"1"," & "
"1",""
"1",""
"1",""
"1","cause\_7"
"1",""
"1",""
"1"," & "
"1",""
"1",""
"1",""
"1","cause\_8"
"1",""
"1",""
"1"," \\ 
"
"1","\hline "
"1","\\["
"1",""
"1","-1.8ex"
"1",""
"1","]"
"1"," 
"
"1"," "
"1",""
"1",""
"1",""
"1","Campaign"
"1",""
"1",""
"1"," & "
"1",""
"1","$-$0.014"
"1","$"
"1",""
"1","^{"
"1",""
"1","***"
"1",""
"1","}"
"1",""
"1","$"
"1"," & "
"1",""
"1","$-$0.015"
"1","$"
"1",""
"1","^{"
"1",""
"1","***"
"1",""
"1","}"
"1",""
"1","$"
"1"," & "
"1",""
"1","0.008"
"1"," & "
"1",""
"1","0.010"
"1","$"
"1",""
"1","^{"
"1",""
"1","**"
"1",""
"1","}"
"1",""
"1","$"
"1"," \\ 
 "
"1"," & "
"1",""
"1","("
"1",""
"1","0.003"
"1",""
"1",")"
"1"," & "
"1",""
"1","("
"1",""
"1","0.004"
"1",""
"1",")"
"1"," & "
"1",""
"1","("
"1",""
"1","0.004"
"1",""
"1",")"
"1"," & "
"1",""
"1","("
"1",""
"1","0.004"
"1",""
"1",")"
"1"," \\ 
 "
"1"," "
"1","& "
"1","& "
"1","& "
"1","& "
"1","\\ 
"
"1"," "
"1",""
"1",""
"1",""
"1","Brexit"
"1",""
"1",""
"1"," & "
"1",""
"1","0.302"
"1"," & "
"1",""
"1","0.348"
"1"," & "
"1",""
"1","0.216"
"1"," & "
"1",""
"1","$-$0.006"
"1"," \\ 
 "
"1"," & "
"1",""
"1","("
"1",""
"1","0.176"
"1",""
"1",")"
"1"," & "
"1",""
"1","("
"1",""
"1","0.191"
"1",""
"1",")"
"1"," & "
"1",""
"1","("
"1",""
"1","0.210"
"1",""
"1",")"
"1"," & "
"1",""
"1","("
"1",""
"1","0.187"
"1",""
"1",")"
"1"," \\ 
 "
"1"," "
"1","& "
"1","& "
"1","& "
"1","& "
"1","\\ 
"
"1"," "
"1",""
"1",""
"1",""
"1","Campaign*Brexit"
"1",""
"1",""
"1"," & "
"1",""
"1","0.030"
"1","$"
"1",""
"1","^{"
"1",""
"1","*"
"1",""
"1","}"
"1",""
"1","$"
"1"," & "
"1",""
"1","0.022"
"1"," & "
"1",""
"1","$-$0.025"
"1"," & "
"1",""
"1","$-$0.007"
"1"," \\ 
 "
"1"," & "
"1",""
"1","("
"1",""
"1","0.013"
"1",""
"1",")"
"1"," & "
"1",""
"1","("
"1",""
"1","0.014"
"1",""
"1",")"
"1"," & "
"1",""
"1","("
"1",""
"1","0.016"
"1",""
"1",")"
"1"," & "
"1",""
"1","("
"1",""
"1","0.014"
"1",""
"1",")"
"1"," \\ 
 "
"1"," "
"1","& "
"1","& "
"1","& "
"1","& "
"1","\\ 
"
"1"," "
"1",""
"1",""
"1",""
"1","Constant"
"1",""
"1",""
"1"," & "
"1",""
"1","3.616"
"1","$"
"1",""
"1","^{"
"1",""
"1","***"
"1",""
"1","}"
"1",""
"1","$"
"1"," & "
"1",""
"1","3.441"
"1","$"
"1",""
"1","^{"
"1",""
"1","***"
"1",""
"1","}"
"1",""
"1","$"
"1"," & "
"1",""
"1","3.394"
"1","$"
"1",""
"1","^{"
"1",""
"1","***"
"1",""
"1","}"
"1",""
"1","$"
"1"," & "
"1",""
"1","3.855"
"1","$"
"1",""
"1","^{"
"1",""
"1","***"
"1",""
"1","}"
"1",""
"1","$"
"1"," \\ 
 "
"1"," & "
"1",""
"1","("
"1",""
"1","0.096"
"1",""
"1",")"
"1"," & "
"1",""
"1","("
"1",""
"1","0.105"
"1",""
"1",")"
"1"," & "
"1",""
"1","("
"1",""
"1","0.113"
"1",""
"1",")"
"1"," & "
"1",""
"1","("
"1",""
"1","0.104"
"1",""
"1",")"
"1"," \\ 
 "
"1"," "
"1","& "
"1","& "
"1","& "
"1","& "
"1","\\ 
"
"1","\hline "
"1","\\["
"1",""
"1","-1.8ex"
"1",""
"1","]"
"1"," 
"
"1","Observations"
"1"," & "
"1",""
"1","738"
"1"," & "
"1",""
"1","736"
"1"," & "
"1",""
"1","690"
"1"," & "
"1",""
"1","709"
"1"," \\ 
"
"1","R$^{2}$"
"1"," & "
"1",""
"1","0.026"
"1"," & "
"1",""
"1","0.022"
"1"," & "
"1",""
"1","0.013"
"1"," & "
"1",""
"1","0.019"
"1"," \\ 
"
"1","Adjusted R$^{2}$"
"1"," & "
"1",""
"1","0.022"
"1"," & "
"1",""
"1","0.018"
"1"," & "
"1",""
"1","0.009"
"1"," & "
"1",""
"1","0.015"
"1"," \\ 
"
"1","\hline 
"
"1","\hline "
"1","\\["
"1",""
"1","-1.8ex"
"1",""
"1","]"
"1"," 
"
"1","\textit{Note:} "
"1"," & \multicolumn{"
"1",""
"1","4"
"1",""
"1","}{"
"1",""
"1","r"
"1",""
"1","}{"
"1",""
"1","* p<0.05; ** p<0.01; *** p<0.001"
"1",""
"1","} \\ 
"
"1"," & \multicolumn{"
"1",""
"1","4"
"1",""
"1","}{"
"1",""
"1","r"
"1",""
"1","}{"
"1",""
"1","Entropy matching applied."
"1",""
"1","} \\ 
"
"1","\end{tabular} 
"
"1","\end{"
"1",""
"1","table"
"1",""
"1","} 
"
"2","length of NULL cannot be changed"
"2","length of NULL cannot be changed"
"2","length of NULL cannot be changed"
"2","length of NULL cannot be changed"
"2","length of NULL cannot be changed"
