"0","#### 1. ATEs: Economic and political causes ####"
"0",""
"0","rootcauses <- Cs(cause_1,cause_2,cause_3,cause_4)"
"0",""
"0",""
"0","ate.rc.em <- vector(length(rootcauses), mode = ""list"")"
"0","names(ate.rc.em) <- rootcauses"
"0",""
"0","for (i in 1:(length(rootcauses))){"
"0","  "
"0","  modelformula <- paste(rootcauses[i],right.side.nc)"
"0","  print(modelformula)"
"0","  "
"0","  ate.rc.em[[rootcauses[i]]] <- eval(substitute(lm(.modelformula, data = Brexit, weights = W.out$w), #use weights"
"0","                                                list(.modelformula = modelformula)))"
"0",""
"0","  print(summary(ate.rc.em[[rootcauses[i]]])) #print results,"
"0","  print(confint(ate.rc.em[[rootcauses[i]]])) #including CIs"
"0","}"
"1","[1]"
"1"," ""cause_1 ~ referendum"""
"1","
"
"1","
Call:
"
"1",""
"1","lm(formula = ""cause_1 ~ referendum"", data = Brexit, weights = W.out$w)"
"1",""
"1","

"
"1","Weighted "
"1",""
"1","Residuals:
"
"1","    Min "
"1","     1Q "
"1"," Median "
"1","     3Q "
"1","    Max "
"1","
"
"1","-3.9241 "
"1","-0.7885 "
"1"," 0.1509 "
"1"," 0.9694 "
"1"," 1.6173 "
"1","
"
"1","
Coefficients:
"
"1","           "
"1"," Estimate"
"1"," Std. Error"
"1"," t value"
"1"," Pr(>|t|)"
"1","    "
"1","
(Intercept)"
"1","  3.83258"
"1","    0.04836"
"1","  79.247"
"1","   <2e-16"
"1"," ***"
"1","
referendum "
"1","  0.08284"
"1","    0.09186"
"1","   0.902"
"1","    0.367"
"1","    "
"1","
"
"1","---
Signif. codes:  "
"1",""
"1","0 ‘***’ 0.001 ‘**’ 0.01 ‘*’ 0.05 ‘.’ 0.1 ‘ ’ 1"
"1","
"
"1","
Residual standard error:"
"1"," "
"1","1.107"
"1"," "
"1","on"
"1"," "
"1","731"
"1"," "
"1","degrees of freedom"
"1","
"
"1","  ("
"1",""
"1","80 observations deleted due to missingness"
"1",""
"1",")
"
"1","Multiple R-squared: "
"1"," "
"1","0.001111"
"1",",	Adjusted R-squared: "
"1"," "
"1","-0.0002551"
"1"," "
"1","
F-statistic:"
"1"," "
"1","0.8133"
"1"," "
"1","on"
"1"," "
"1","1"
"1"," "
"1","and"
"1"," "
"1","731"
"1"," "
"1","DF,  p-value:"
"1"," "
"1","0.3674"
"1","
"
"1","
"
"1","           "
"1","       2.5 %"
"1","    97.5 %"
"1","
(Intercept)"
"1","  3.73763366"
"1"," 3.9275243"
"1","
referendum "
"1"," -0.09750004"
"1"," 0.2631879"
"1","
"
"1","[1]"
"1"," ""cause_2 ~ referendum"""
"1","
"
"1","
Call:
"
"1",""
"1","lm(formula = ""cause_2 ~ referendum"", data = Brexit, weights = W.out$w)"
"1",""
"1","

"
"1","Weighted "
"1",""
"1","Residuals:
"
"1","    Min "
"1","     1Q "
"1"," Median "
"1","     3Q "
"1","    Max "
"1","
"
"1","-4.3640 "
"1","-0.2078 "
"1","-0.1407 "
"1"," 0.8227 "
"1"," 1.1375 "
"1","
"
"1","
Coefficients:
"
"1","           "
"1"," Estimate"
"1"," Std. Error"
"1"," t value"
"1"," Pr(>|t|)"
"1","    "
"1","
(Intercept)"
"1","  4.17886"
"1","    0.03955"
"1","  105.67"
"1","   <2e-16"
"1"," ***"
"1","
referendum "
"1"," -0.00152"
"1","    0.07524"
"1","   -0.02"
"1","    0.984"
"1","    "
"1","
"
"1","---
Signif. codes:  "
"1",""
"1","0 ‘***’ 0.001 ‘**’ 0.01 ‘*’ 0.05 ‘.’ 0.1 ‘ ’ 1"
"1","
"
"1","
Residual standard error:"
"1"," "
"1","0.9119"
"1"," "
"1","on"
"1"," "
"1","740"
"1"," "
"1","degrees of freedom"
"1","
"
"1","  ("
"1",""
"1","71 observations deleted due to missingness"
"1",""
"1",")
"
"1","Multiple R-squared: "
"1"," "
"1","5.516e-07"
"1",",	Adjusted R-squared: "
"1"," "
"1","-0.001351"
"1"," "
"1","
F-statistic:"
"1"," "
"1","0.0004082"
"1"," "
"1","on"
"1"," "
"1","1"
"1"," "
"1","and"
"1"," "
"1","740"
"1"," "
"1","DF,  p-value:"
"1"," "
"1","0.9839"
"1","
"
"1","
"
"1","           "
"1","      2.5 %"
"1","    97.5 %"
"1","
(Intercept)"
"1","  4.1012225"
"1"," 4.2564974"
"1","
referendum "
"1"," -0.1492216"
"1"," 0.1461815"
"1","
"
"1","[1]"
"1"," ""cause_3 ~ referendum"""
"1","
"
"1","
Call:
"
"1",""
"1","lm(formula = ""cause_3 ~ referendum"", data = Brexit, weights = W.out$w)"
"1",""
"1","

"
"1","Weighted "
"1",""
"1","Residuals:
"
"1","    Min "
"1","     1Q "
"1"," Median "
"1","     3Q "
"1","    Max "
"1","
"
"1","-3.8380 "
"1","-0.7812 "
"1"," 0.1675 "
"1"," 0.8773 "
"1"," 1.6683 "
"1","
"
"1","
Coefficients:
"
"1","           "
"1"," Estimate"
"1"," Std. Error"
"1"," t value"
"1"," Pr(>|t|)"
"1","    "
"1","
(Intercept)"
"1","  3.79572"
"1","    0.04648"
"1","  81.658"
"1","   <2e-16"
"1"," ***"
"1","
referendum "
"1","  0.03677"
"1","    0.08897"
"1","   0.413"
"1","     0.68"
"1","    "
"1","
"
"1","---
Signif. codes:  "
"1",""
"1","0 ‘***’ 0.001 ‘**’ 0.01 ‘*’ 0.05 ‘.’ 0.1 ‘ ’ 1"
"1","
"
"1","
Residual standard error:"
"1"," "
"1","1.065"
"1"," "
"1","on"
"1"," "
"1","725"
"1"," "
"1","degrees of freedom"
"1","
"
"1","  ("
"1",""
"1","86 observations deleted due to missingness"
"1",""
"1",")
"
"1","Multiple R-squared: "
"1"," "
"1","0.0002355"
"1",",	Adjusted R-squared: "
"1"," "
"1","-0.001143"
"1"," "
"1","
F-statistic:"
"1"," "
"1","0.1708"
"1"," "
"1","on"
"1"," "
"1","1"
"1"," "
"1","and"
"1"," "
"1","725"
"1"," "
"1","DF,  p-value:"
"1"," "
"1","0.6795"
"1","
"
"1","
"
"1","           "
"1","      2.5 %"
"1","   97.5 %"
"1","
(Intercept)"
"1","  3.7044596"
"1"," 3.886976"
"1","
referendum "
"1"," -0.1378947"
"1"," 0.211434"
"1","
"
"1","[1]"
"1"," ""cause_4 ~ referendum"""
"1","
"
"1","
Call:
"
"1",""
"1","lm(formula = ""cause_4 ~ referendum"", data = Brexit, weights = W.out$w)"
"1",""
"1","

"
"1","Weighted "
"1",""
"1","Residuals:
"
"1","    Min "
"1","     1Q "
"1"," Median "
"1","     3Q "
"1","    Max "
"1","
"
"1","-3.8143 "
"1","-0.8000 "
"1"," 0.2000 "
"1"," 0.9203 "
"1"," 1.6923 "
"1","
"
"1","
Coefficients:
"
"1","           "
"1"," Estimate"
"1"," Std. Error"
"1"," t value"
"1"," Pr(>|t|)"
"1","    "
"1","
(Intercept)"
"1","  3.77841"
"1","    0.04913"
"1","  76.904"
"1","   <2e-16"
"1"," ***"
"1","
referendum "
"1","  0.02159"
"1","    0.09361"
"1","   0.231"
"1","    0.818"
"1","    "
"1","
"
"1","---
Signif. codes:  "
"1",""
"1","0 ‘***’ 0.001 ‘**’ 0.01 ‘*’ 0.05 ‘.’ 0.1 ‘ ’ 1"
"1","
"
"1","
Residual standard error:"
"1"," "
"1","1.113"
"1"," "
"1","on"
"1"," "
"1","714"
"1"," "
"1","degrees of freedom"
"1","
"
"1","  ("
"1",""
"1","97 observations deleted due to missingness"
"1",""
"1",")
"
"1","Multiple R-squared: "
"1"," "
"1","7.448e-05"
"1",",	Adjusted R-squared: "
"1"," "
"1","-0.001326"
"1"," "
"1","
F-statistic:"
"1"," "
"1","0.05318"
"1"," "
"1","on"
"1"," "
"1","1"
"1"," "
"1","and"
"1"," "
"1","714"
"1"," "
"1","DF,  p-value:"
"1"," "
"1","0.8177"
"1","
"
"1","
"
"1","           "
"1","     2.5 %"
"1","    97.5 %"
"1","
(Intercept)"
"1","  3.681953"
"1"," 3.8748716"
"1","
referendum "
"1"," -0.162195"
"1"," 0.2053705"
"1","
"
"0","#model with controls"
"0","ate.rc.c <- vector(length(rootcauses), mode = ""list"")"
"0","names(ate.rc.c) <- rootcauses"
"0",""
"0","for (i in 1:(length(rootcauses))){"
"0","  "
"0","  modelformula <- paste(rootcauses[i],right.side.c)"
"0","  print(modelformula)"
"0","  "
"0","  ate.rc.c[[rootcauses[i]]] <- eval(substitute(lm(.modelformula, data = Brexit), "
"0","                                        list(.modelformula = modelformula)))"
"0","  "
"0","  print(summary(ate.rc.c[[rootcauses[i]]])) #print results,"
"0","  print(confint(ate.rc.c[[rootcauses[i]]])) #including CIs"
"0","  "
"0","}"
"1","[1]"
"1"," ""cause_1 ~ referendum + age + employment_1 + exposure"""
"1","
"
"1","
Call:
"
"1",""
"1","lm(formula = ""cause_1 ~ referendum + age + employment_1 + exposure"", 
    data = Brexit)"
"1",""
"1","

"
"1",""
"1","Residuals:
"
"1","    Min "
"1","     1Q "
"1"," Median "
"1","     3Q "
"1","    Max "
"1","
"
"1","-3.0522 "
"1","-0.7988 "
"1"," 0.1517 "
"1"," 1.0508 "
"1"," 1.3501 "
"1","
"
"1","
Coefficients:
"
"1","            "
"1","  Estimate"
"1"," Std. Error"
"1"," t value"
"1"," Pr(>|t|)"
"1","    "
"1","
(Intercept) "
"1","  3.846146"
"1","   0.152506"
"1","  25.220"
"1","   <2e-16"
"1"," ***"
"1","
referendum  "
"1","  0.066851"
"1","   0.095981"
"1","   0.697"
"1","    0.486"
"1","    "
"1","
age         "
"1"," -0.002365"
"1","   0.002574"
"1","  -0.919"
"1","    0.359"
"1","    "
"1","
employment_1"
"1","  0.062173"
"1","   0.091074"
"1","   0.683"
"1","    0.495"
"1","    "
"1","
exposure    "
"1","  0.176301"
"1","   0.086974"
"1","   2.027"
"1","    0.043"
"1"," *  "
"1","
"
"1","---
Signif. codes:  "
"1",""
"1","0 ‘***’ 0.001 ‘**’ 0.01 ‘*’ 0.05 ‘.’ 0.1 ‘ ’ 1"
"1","
"
"1","
Residual standard error:"
"1"," "
"1","1.133"
"1"," "
"1","on"
"1"," "
"1","727"
"1"," "
"1","degrees of freedom"
"1","
"
"1","  ("
"1",""
"1","81 observations deleted due to missingness"
"1",""
"1",")
"
"1","Multiple R-squared: "
"1"," "
"1","0.008253"
"1",",	Adjusted R-squared: "
"1"," "
"1","0.002796"
"1"," "
"1","
F-statistic:"
"1"," "
"1","1.512"
"1"," "
"1","on"
"1"," "
"1","4"
"1"," "
"1","and"
"1"," "
"1","727"
"1"," "
"1","DF,  p-value:"
"1"," "
"1","0.1967"
"1","
"
"1","
"
"1","            "
"1","        2.5 %"
"1","      97.5 %"
"1","
(Intercept) "
"1","  3.546741495"
"1"," 4.145551235"
"1","
referendum  "
"1"," -0.121581238"
"1"," 0.255283067"
"1","
age         "
"1"," -0.007418670"
"1"," 0.002689109"
"1","
employment_1"
"1"," -0.116626953"
"1"," 0.240972968"
"1","
exposure    "
"1","  0.005551241"
"1"," 0.347049892"
"1","
"
"1","[1]"
"1"," ""cause_2 ~ referendum + age + employment_1 + exposure"""
"1","
"
"1","
Call:
"
"1",""
"1","lm(formula = ""cause_2 ~ referendum + age + employment_1 + exposure"", 
    data = Brexit)"
"1",""
"1","

"
"1",""
"1","Residuals:
"
"1","    Min "
"1","     1Q "
"1"," Median "
"1","     3Q "
"1","    Max "
"1","
"
"1","-3.2398 "
"1","-0.2261 "
"1","-0.0947 "
"1"," 0.7996 "
"1"," 1.0631 "
"1","
"
"1","
Coefficients:
"
"1","            "
"1","  Estimate"
"1"," Std. Error"
"1"," t value"
"1"," Pr(>|t|)"
"1","    "
"1","
(Intercept) "
"1","  4.319382"
"1","   0.125342"
"1","  34.461"
"1","   <2e-16"
"1"," ***"
"1","
referendum  "
"1","  0.008377"
"1","   0.079240"
"1","   0.106"
"1","   0.9158"
"1","    "
"1","
age         "
"1"," -0.004442"
"1","   0.002118"
"1","  -2.097"
"1","   0.0363"
"1"," *  "
"1","
employment_1"
"1"," -0.010989"
"1","   0.075099"
"1","  -0.146"
"1","   0.8837"
"1","    "
"1","
exposure    "
"1","  0.122932"
"1","   0.071799"
"1","   1.712"
"1","   0.0873"
"1"," .  "
"1","
"
"1","---
Signif. codes:  "
"1",""
"1","0 ‘***’ 0.001 ‘**’ 0.01 ‘*’ 0.05 ‘.’ 0.1 ‘ ’ 1"
"1","
"
"1","
Residual standard error:"
"1"," "
"1","0.9393"
"1"," "
"1","on"
"1"," "
"1","736"
"1"," "
"1","degrees of freedom"
"1","
"
"1","  ("
"1",""
"1","72 observations deleted due to missingness"
"1",""
"1",")
"
"1","Multiple R-squared: "
"1"," "
"1","0.008887"
"1",",	Adjusted R-squared: "
"1"," "
"1","0.0035"
"1"," "
"1","
F-statistic:"
"1"," "
"1"," 1.65"
"1"," "
"1","on"
"1"," "
"1","4"
"1"," "
"1","and"
"1"," "
"1","736"
"1"," "
"1","DF,  p-value:"
"1"," "
"1","0.1599"
"1","
"
"1","
"
"1","            "
"1","        2.5 %"
"1","        97.5 %"
"1","
(Intercept) "
"1","  4.073310464"
"1","  4.5654526774"
"1","
referendum  "
"1"," -0.147186595"
"1","  0.1639412433"
"1","
age         "
"1"," -0.008599395"
"1"," -0.0002840761"
"1","
employment_1"
"1"," -0.158422506"
"1","  0.1364443314"
"1","
exposure    "
"1"," -0.018023241"
"1","  0.2638880660"
"1","
"
"1","[1]"
"1"," ""cause_3 ~ referendum + age + employment_1 + exposure"""
"1","
"
"1","
Call:
"
"1",""
"1","lm(formula = ""cause_3 ~ referendum + age + employment_1 + exposure"", 
    data = Brexit)"
"1",""
"1","

"
"1",""
"1","Residuals:
"
"1","    Min "
"1","     1Q "
"1"," Median "
"1","     3Q "
"1","    Max "
"1","
"
"1","-3.0326 "
"1","-0.7503 "
"1"," 0.1840 "
"1"," 1.0365 "
"1"," 1.5467 "
"1","
"
"1","
Coefficients:
"
"1","            "
"1","  Estimate"
"1"," Std. Error"
"1"," t value"
"1"," Pr(>|t|)"
"1","    "
"1","
(Intercept) "
"1","  3.980767"
"1","   0.149838"
"1","  26.567"
"1","   <2e-16"
"1"," ***"
"1","
referendum  "
"1","  0.036914"
"1","   0.094732"
"1","   0.390"
"1","   0.6969"
"1","    "
"1","
age         "
"1"," -0.006413"
"1","   0.002533"
"1","  -2.532"
"1","   0.0116"
"1"," *  "
"1","
employment_1"
"1","  0.017862"
"1","   0.089926"
"1","   0.199"
"1","   0.8426"
"1","    "
"1","
exposure    "
"1","  0.192894"
"1","   0.085682"
"1","   2.251"
"1","   0.0247"
"1"," *  "
"1","
"
"1","---
Signif. codes:  "
"1",""
"1","0 ‘***’ 0.001 ‘**’ 0.01 ‘*’ 0.05 ‘.’ 0.1 ‘ ’ 1"
"1","
"
"1","
Residual standard error:"
"1"," "
"1","1.107"
"1"," "
"1","on"
"1"," "
"1","721"
"1"," "
"1","degrees of freedom"
"1","
"
"1","  ("
"1",""
"1","87 observations deleted due to missingness"
"1",""
"1",")
"
"1","Multiple R-squared: "
"1"," "
"1","0.01545"
"1",",	Adjusted R-squared: "
"1"," "
"1","0.009985"
"1"," "
"1","
F-statistic:"
"1"," "
"1","2.828"
"1"," "
"1","on"
"1"," "
"1","4"
"1"," "
"1","and"
"1"," "
"1","721"
"1"," "
"1","DF,  p-value:"
"1"," "
"1","0.024"
"1","
"
"1","
"
"1","            "
"1","       2.5 %"
"1","       97.5 %"
"1","
(Intercept) "
"1","  3.68659616"
"1","  4.274937327"
"1","
referendum  "
"1"," -0.14907061"
"1","  0.222898152"
"1","
age         "
"1"," -0.01138637"
"1"," -0.001440114"
"1","
employment_1"
"1"," -0.15868584"
"1","  0.194408993"
"1","
exposure    "
"1","  0.02467771"
"1","  0.361109497"
"1","
"
"1","[1]"
"1"," ""cause_4 ~ referendum + age + employment_1 + exposure"""
"1","
"
"1","
Call:
"
"1",""
"1","lm(formula = ""cause_4 ~ referendum + age + employment_1 + exposure"", 
    data = Brexit)"
"1",""
"1","

"
"1",""
"1","Residuals:
"
"1","    Min "
"1","     1Q "
"1"," Median "
"1","     3Q "
"1","    Max "
"1","
"
"1","-3.0900 "
"1","-0.7453 "
"1"," 0.2177 "
"1"," 1.0169 "
"1"," 1.6583 "
"1","
"
"1","
Coefficients:
"
"1","            "
"1","  Estimate"
"1"," Std. Error"
"1"," t value"
"1"," Pr(>|t|)"
"1","    "
"1","
(Intercept) "
"1","  3.988296"
"1","   0.155673"
"1","  25.620"
"1","  < 2e-16"
"1"," ***"
"1","
referendum  "
"1","  0.058645"
"1","   0.097796"
"1","   0.600"
"1","  0.54892"
"1","    "
"1","
age         "
"1"," -0.007791"
"1","   0.002636"
"1","  -2.956"
"1","  0.00322"
"1"," ** "
"1","
employment_1"
"1"," -0.011182"
"1","   0.092382"
"1","  -0.121"
"1","  0.90369"
"1","    "
"1","
exposure    "
"1","  0.273100"
"1","   0.088371"
"1","   3.090"
"1","  0.00208"
"1"," ** "
"1","
"
"1","---
Signif. codes:  "
"1",""
"1","0 ‘***’ 0.001 ‘**’ 0.01 ‘*’ 0.05 ‘.’ 0.1 ‘ ’ 1"
"1","
"
"1","
Residual standard error:"
"1"," "
"1","1.135"
"1"," "
"1","on"
"1"," "
"1","710"
"1"," "
"1","degrees of freedom"
"1","
"
"1","  ("
"1",""
"1","98 observations deleted due to missingness"
"1",""
"1",")
"
"1","Multiple R-squared: "
"1"," "
"1","0.02283"
"1",",	Adjusted R-squared: "
"1"," "
"1","0.01733"
"1"," "
"1","
F-statistic:"
"1"," "
"1","4.147"
"1"," "
"1","on"
"1"," "
"1","4"
"1"," "
"1","and"
"1"," "
"1","710"
"1"," "
"1","DF,  p-value:"
"1"," "
"1","0.002503"
"1","
"
"1","
"
"1","            "
"1","       2.5 %"
"1","       97.5 %"
"1","
(Intercept) "
"1","  3.68266099"
"1","  4.293930064"
"1","
referendum  "
"1"," -0.13335896"
"1","  0.250648702"
"1","
age         "
"1"," -0.01296536"
"1"," -0.002615941"
"1","
employment_1"
"1"," -0.19255609"
"1","  0.170191922"
"1","
exposure    "
"1","  0.09959937"
"1","  0.446600495"
"1","
"
"0","#model without controls or matching"
"0","ate.rc.nc <- vector(length(rootcauses), mode = ""list"")"
"0","names(ate.rc.nc) <- rootcauses"
"0",""
"0","for (i in 1:(length(rootcauses))){"
"0","  "
"0","  modelformula <- paste(rootcauses[i],right.side.nc)"
"0","  print(modelformula)"
"0","  "
"0","  ate.rc.nc[[rootcauses[i]]] <- eval(substitute(lm(.modelformula, data = Brexit), "
"0","                                             list(.modelformula = modelformula)))"
"0","  "
"0","  print(summary(ate.rc.nc[[rootcauses[i]]])) #print results,"
"0","  print(confint(ate.rc.nc[[rootcauses[i]]])) #including CIs"
"0","  "
"0","}"
"1","[1]"
"1"," ""cause_1 ~ referendum"""
"1","
"
"1","
Call:
"
"1",""
"1","lm(formula = ""cause_1 ~ referendum"", data = Brexit)"
"1",""
"1","

"
"1",""
"1","Residuals:
"
"1","    Min "
"1","     1Q "
"1"," Median "
"1","     3Q "
"1","    Max "
"1","
"
"1","-2.9154 "
"1","-0.8384 "
"1"," 0.1616 "
"1"," 1.0846 "
"1"," 1.1617 "
"1","
"
"1","
Coefficients:
"
"1","           "
"1"," Estimate"
"1"," Std. Error"
"1"," t value"
"1"," Pr(>|t|)"
"1","    "
"1","
(Intercept)"
"1","  3.83835"
"1","    0.04916"
"1","  78.086"
"1","   <2e-16"
"1"," ***"
"1","
referendum "
"1","  0.07708"
"1","    0.09387"
"1","   0.821"
"1","    0.412"
"1","    "
"1","
"
"1","---
Signif. codes:  "
"1",""
"1","0 ‘***’ 0.001 ‘**’ 0.01 ‘*’ 0.05 ‘.’ 0.1 ‘ ’ 1"
"1","
"
"1","
Residual standard error:"
"1"," "
"1","1.134"
"1"," "
"1","on"
"1"," "
"1","731"
"1"," "
"1","degrees of freedom"
"1","
"
"1","  ("
"1",""
"1","80 observations deleted due to missingness"
"1",""
"1",")
"
"1","Multiple R-squared: "
"1"," "
"1","0.0009215"
"1",",	Adjusted R-squared: "
"1"," "
"1","-0.0004453"
"1"," "
"1","
F-statistic:"
"1"," "
"1","0.6742"
"1"," "
"1","on"
"1"," "
"1","1"
"1"," "
"1","and"
"1"," "
"1","731"
"1"," "
"1","DF,  p-value:"
"1"," "
"1","0.4119"
"1","
"
"1","
"
"1","           "
"1","      2.5 %"
"1","    97.5 %"
"1","
(Intercept)"
"1","  3.7418434"
"1"," 3.9348484"
"1","
referendum "
"1"," -0.1072091"
"1"," 0.2613631"
"1","
"
"1","[1]"
"1"," ""cause_2 ~ referendum"""
"1","
"
"1","
Call:
"
"1",""
"1","lm(formula = ""cause_2 ~ referendum"", data = Brexit)"
"1",""
"1","

"
"1",""
"1","Residuals:
"
"1","    Min "
"1","     1Q "
"1"," Median "
"1","     3Q "
"1","    Max "
"1","
"
"1","-3.1773 "
"1","-0.1773 "
"1","-0.1521 "
"1"," 0.8479 "
"1"," 0.8479 "
"1","
"
"1","
Coefficients:
"
"1","           "
"1"," Estimate"
"1"," Std. Error"
"1"," t value"
"1"," Pr(>|t|)"
"1","    "
"1","
(Intercept)"
"1","  4.15213"
"1","    0.04053"
"1"," 102.451"
"1","   <2e-16"
"1"," ***"
"1","
referendum "
"1","  0.02521"
"1","    0.07748"
"1","   0.325"
"1","    0.745"
"1","    "
"1","
"
"1","---
Signif. codes:  "
"1",""
"1","0 ‘***’ 0.001 ‘**’ 0.01 ‘*’ 0.05 ‘.’ 0.1 ‘ ’ 1"
"1","
"
"1","
Residual standard error:"
"1"," "
"1","0.9409"
"1"," "
"1","on"
"1"," "
"1","740"
"1"," "
"1","degrees of freedom"
"1","
"
"1","  ("
"1",""
"1","71 observations deleted due to missingness"
"1",""
"1",")
"
"1","Multiple R-squared: "
"1"," "
"1","0.000143"
"1",",	Adjusted R-squared: "
"1"," "
"1","-0.001208"
"1"," "
"1","
F-statistic:"
"1"," "
"1","0.1058"
"1"," "
"1","on"
"1"," "
"1","1"
"1"," "
"1","and"
"1"," "
"1","740"
"1"," "
"1","DF,  p-value:"
"1"," "
"1","0.745"
"1","
"
"1","
"
"1","           "
"1","     2.5 %"
"1","    97.5 %"
"1","
(Intercept)"
"1","  4.072570"
"1"," 4.2316975"
"1","
referendum "
"1"," -0.126908"
"1"," 0.1773206"
"1","
"
"1","[1]"
"1"," ""cause_3 ~ referendum"""
"1","
"
"1","
Call:
"
"1",""
"1","lm(formula = ""cause_3 ~ referendum"", data = Brexit)"
"1",""
"1","

"
"1",""
"1","Residuals:
"
"1","    Min "
"1","     1Q "
"1"," Median "
"1","     3Q "
"1","    Max "
"1","
"
"1","-2.8325 "
"1","-0.7623 "
"1"," 0.2377 "
"1"," 1.1675 "
"1"," 1.2377 "
"1","
"
"1","
Coefficients:
"
"1","           "
"1"," Estimate"
"1"," Std. Error"
"1"," t value"
"1"," Pr(>|t|)"
"1","    "
"1","
(Intercept)"
"1","  3.76226"
"1","    0.04833"
"1","  77.846"
"1","   <2e-16"
"1"," ***"
"1","
referendum "
"1","  0.07022"
"1","    0.09284"
"1","   0.756"
"1","     0.45"
"1","    "
"1","
"
"1","---
Signif. codes:  "
"1",""
"1","0 ‘***’ 0.001 ‘**’ 0.01 ‘*’ 0.05 ‘.’ 0.1 ‘ ’ 1"
"1","
"
"1","
Residual standard error:"
"1"," "
"1","1.113"
"1"," "
"1","on"
"1"," "
"1","725"
"1"," "
"1","degrees of freedom"
"1","
"
"1","  ("
"1",""
"1","86 observations deleted due to missingness"
"1",""
"1",")
"
"1","Multiple R-squared: "
"1"," "
"1","0.0007885"
"1",",	Adjusted R-squared: "
"1"," "
"1","-0.0005898"
"1"," "
"1","
F-statistic:"
"1"," "
"1","0.5721"
"1"," "
"1","on"
"1"," "
"1","1"
"1"," "
"1","and"
"1"," "
"1","725"
"1"," "
"1","DF,  p-value:"
"1"," "
"1","0.4497"
"1","
"
"1","
"
"1","           "
"1","      2.5 %"
"1","    97.5 %"
"1","
(Intercept)"
"1","  3.6673812"
"1"," 3.8571471"
"1","
referendum "
"1"," -0.1120498"
"1"," 0.2524961"
"1","
"
"1","[1]"
"1"," ""cause_4 ~ referendum"""
"1","
"
"1","
Call:
"
"1",""
"1","lm(formula = ""cause_4 ~ referendum"", data = Brexit)"
"1",""
"1","

"
"1",""
"1","Residuals:
"
"1","    Min "
"1","     1Q "
"1"," Median "
"1","     3Q "
"1","    Max "
"1","
"
"1","-2.8000 "
"1","-0.7275 "
"1"," 0.2726 "
"1"," 1.2000 "
"1"," 1.2726 "
"1","
"
"1","
Coefficients:
"
"1","           "
"1"," Estimate"
"1"," Std. Error"
"1"," t value"
"1"," Pr(>|t|)"
"1","    "
"1","
(Intercept)"
"1","  3.72745"
"1","    0.05023"
"1","  74.210"
"1","   <2e-16"
"1"," ***"
"1","
referendum "
"1","  0.07255"
"1","    0.09625"
"1","   0.754"
"1","    0.451"
"1","    "
"1","
"
"1","---
Signif. codes:  "
"1",""
"1","0 ‘***’ 0.001 ‘**’ 0.01 ‘*’ 0.05 ‘.’ 0.1 ‘ ’ 1"
"1","
"
"1","
Residual standard error:"
"1"," "
"1","1.146"
"1"," "
"1","on"
"1"," "
"1","714"
"1"," "
"1","degrees of freedom"
"1","
"
"1","  ("
"1",""
"1","97 observations deleted due to missingness"
"1",""
"1",")
"
"1","Multiple R-squared: "
"1"," "
"1","0.0007952"
"1",",	Adjusted R-squared: "
"1"," "
"1","-0.0006042"
"1"," "
"1","
F-statistic:"
"1"," "
"1","0.5682"
"1"," "
"1","on"
"1"," "
"1","1"
"1"," "
"1","and"
"1"," "
"1","714"
"1"," "
"1","DF,  p-value:"
"1"," "
"1","0.4512"
"1","
"
"1","
"
"1","           "
"1","      2.5 %"
"1","   97.5 %"
"1","
(Intercept)"
"1","  3.6288344"
"1"," 3.826060"
"1","
referendum "
"1"," -0.1164084"
"1"," 0.261514"
"1","
"
"0","#### 2. ATEs: Actor-based causes ####"
"0",""
"0","actorcauses <- Cs(cause_5,cause_6,cause_7,cause_8)"
"0",""
"0","#model with entropy matching"
"0","ate.ac.em <- vector(length(actorcauses), mode = ""list"")"
"0","names(ate.ac.em) <- actorcauses"
"0",""
"0","for (i in 1:(length(actorcauses))){"
"0","  "
"0","  modelformula <- paste(actorcauses[i],right.side.nc)"
"0","  print(modelformula)"
"0","  "
"0","  ate.ac.em[[actorcauses[i]]] <- eval(substitute(lm(.modelformula, data = Brexit, weights = W.out$w), #use weights"
"0","                                                list(.modelformula = modelformula)))"
"0","  "
"0","  print(summary(ate.ac.em[[actorcauses[i]]])) #print results,"
"0","  print(confint(ate.ac.em[[actorcauses[i]]])) #including CIs"
"0","  "
"0","}"
"1","[1]"
"1"," ""cause_5 ~ referendum"""
"1","
"
"1","
Call:
"
"1",""
"1","lm(formula = ""cause_5 ~ referendum"", data = Brexit, weights = W.out$w)"
"1",""
"1","

"
"1","Weighted "
"1",""
"1","Residuals:
"
"1","    Min "
"1","     1Q "
"1"," Median "
"1","     3Q "
"1","    Max "
"1","
"
"1","-4.0804 "
"1","-0.3460 "
"1"," 0.0312 "
"1"," 0.9343 "
"1"," 1.4238 "
"1","
"
"1","
Coefficients:
"
"1","           "
"1"," Estimate"
"1"," Std. Error"
"1"," t value"
"1"," Pr(>|t|)"
"1","    "
"1","
(Intercept)"
"1","  3.97224"
"1","    0.04755"
"1","  83.542"
"1","   <2e-16"
"1"," ***"
"1","
referendum "
"1","  0.09342"
"1","    0.09125"
"1","   1.024"
"1","    0.306"
"1","    "
"1","
"
"1","---
Signif. codes:  "
"1",""
"1","0 ‘***’ 0.001 ‘**’ 0.01 ‘*’ 0.05 ‘.’ 0.1 ‘ ’ 1"
"1","
"
"1","
Residual standard error:"
"1"," "
"1","1.096"
"1"," "
"1","on"
"1"," "
"1","737"
"1"," "
"1","degrees of freedom"
"1","
"
"1","  ("
"1",""
"1","74 observations deleted due to missingness"
"1",""
"1",")
"
"1","Multiple R-squared: "
"1"," "
"1","0.00142"
"1",",	Adjusted R-squared: "
"1"," "
"1","6.498e-05"
"1"," "
"1","
F-statistic:"
"1"," "
"1","1.048"
"1"," "
"1","on"
"1"," "
"1","1"
"1"," "
"1","and"
"1"," "
"1","737"
"1"," "
"1","DF,  p-value:"
"1"," "
"1","0.3063"
"1","
"
"1","
"
"1","           "
"1","       2.5 %"
"1","    97.5 %"
"1","
(Intercept)"
"1","  3.87889543"
"1"," 4.0655858"
"1","
referendum "
"1"," -0.08573176"
"1"," 0.2725637"
"1","
"
"1","[1]"
"1"," ""cause_6 ~ referendum"""
"1","
"
"1","
Call:
"
"1",""
"1","lm(formula = ""cause_6 ~ referendum"", data = Brexit, weights = W.out$w)"
"1",""
"1","

"
"1","Weighted "
"1",""
"1","Residuals:
"
"1","    Min "
"1","     1Q "
"1"," Median "
"1","     3Q "
"1","    Max "
"1","
"
"1","-3.8676 "
"1","-0.8210 "
"1"," 0.1762 "
"1"," 1.0190 "
"1"," 1.6385 "
"1","
"
"1","
Coefficients:
"
"1","           "
"1"," Estimate"
"1"," Std. Error"
"1"," t value"
"1"," Pr(>|t|)"
"1","    "
"1","
(Intercept)"
"1","  3.81727"
"1","    0.05167"
"1","  73.884"
"1","   <2e-16"
"1"," ***"
"1","
referendum "
"1","  0.03122"
"1","    0.09903"
"1","   0.315"
"1","    0.753"
"1","    "
"1","
"
"1","---
Signif. codes:  "
"1",""
"1","0 ‘***’ 0.001 ‘**’ 0.01 ‘*’ 0.05 ‘.’ 0.1 ‘ ’ 1"
"1","
"
"1","
Residual standard error:"
"1"," "
"1","1.189"
"1"," "
"1","on"
"1"," "
"1","735"
"1"," "
"1","degrees of freedom"
"1","
"
"1","  ("
"1",""
"1","76 observations deleted due to missingness"
"1",""
"1",")
"
"1","Multiple R-squared: "
"1"," "
"1","0.0001352"
"1",",	Adjusted R-squared: "
"1"," "
"1","-0.001225"
"1"," "
"1","
F-statistic:"
"1"," "
"1","0.09937"
"1"," "
"1","on"
"1"," "
"1","1"
"1"," "
"1","and"
"1"," "
"1","735"
"1"," "
"1","DF,  p-value:"
"1"," "
"1","0.7527"
"1","
"
"1","
"
"1","           "
"1","      2.5 %"
"1","    97.5 %"
"1","
(Intercept)"
"1","  3.7158366"
"1"," 3.9186976"
"1","
referendum "
"1"," -0.1632053"
"1"," 0.2256408"
"1","
"
"1","[1]"
"1"," ""cause_7 ~ referendum"""
"1","
"
"1","
Call:
"
"1",""
"1","lm(formula = ""cause_7 ~ referendum"", data = Brexit, weights = W.out$w)"
"1",""
"1","

"
"1","Weighted "
"1",""
"1","Residuals:
"
"1","    Min "
"1","     1Q "
"1"," Median "
"1","     3Q "
"1","    Max "
"1","
"
"1","-3.0407 "
"1","-0.9094 "
"1","-0.1475 "
"1"," 0.8633 "
"1"," 2.4285 "
"1","
"
"1","
Coefficients:
"
"1","           "
"1"," Estimate"
"1"," Std. Error"
"1"," t value"
"1"," Pr(>|t|)"
"1","    "
"1","
(Intercept)"
"1","  3.21491"
"1","    0.05591"
"1","  57.497"
"1","   <2e-16"
"1"," ***"
"1","
referendum "
"1","  0.21987"
"1","    0.10782"
"1","   2.039"
"1","   0.0418"
"1"," *  "
"1","
"
"1","---
Signif. codes:  "
"1",""
"1","0 ‘***’ 0.001 ‘**’ 0.01 ‘*’ 0.05 ‘.’ 0.1 ‘ ’ 1"
"1","
"
"1","
Residual standard error:"
"1"," "
"1","1.25"
"1"," "
"1","on"
"1"," "
"1","689"
"1"," "
"1","degrees of freedom"
"1","
"
"1","  ("
"1",""
"1","122 observations deleted due to missingness"
"1",""
"1",")
"
"1","Multiple R-squared: "
"1"," "
"1","0.006"
"1",",	Adjusted R-squared: "
"1"," "
"1","0.004557"
"1"," "
"1","
F-statistic:"
"1"," "
"1","4.159"
"1"," "
"1","on"
"1"," "
"1","1"
"1"," "
"1","and"
"1"," "
"1","689"
"1"," "
"1","DF,  p-value:"
"1"," "
"1","0.0418"
"1","
"
"1","
"
"1","           "
"1","      2.5 %"
"1","    97.5 %"
"1","
(Intercept)"
"1"," 3.10512691"
"1"," 3.3246947"
"1","
referendum "
"1"," 0.00818065"
"1"," 0.4315629"
"1","
"
"1","[1]"
"1"," ""cause_8 ~ referendum"""
"1","
"
"1","
Call:
"
"1",""
"1","lm(formula = ""cause_8 ~ referendum"", data = Brexit, weights = W.out$w)"
"1",""
"1","

"
"1","Weighted "
"1",""
"1","Residuals:
"
"1","    Min "
"1","     1Q "
"1"," Median "
"1","     3Q "
"1","    Max "
"1","
"
"1","-3.6132 "
"1","-0.7504 "
"1"," 0.2538 "
"1"," 0.9983 "
"1"," 1.8952 "
"1","
"
"1","
Coefficients:
"
"1","           "
"1"," Estimate"
"1"," Std. Error"
"1"," t value"
"1"," Pr(>|t|)"
"1","    "
"1","
(Intercept)"
"1","  3.63194"
"1","    0.05108"
"1","  71.102"
"1","   <2e-16"
"1"," ***"
"1","
referendum "
"1","  0.23169"
"1","    0.09608"
"1","   2.412"
"1","   0.0161"
"1"," *  "
"1","
"
"1","---
Signif. codes:  "
"1",""
"1","0 ‘***’ 0.001 ‘**’ 0.01 ‘*’ 0.05 ‘.’ 0.1 ‘ ’ 1"
"1","
"
"1","
Residual standard error:"
"1"," "
"1","1.145"
"1"," "
"1","on"
"1"," "
"1","708"
"1"," "
"1","degrees of freedom"
"1","
"
"1","  ("
"1",""
"1","103 observations deleted due to missingness"
"1",""
"1",")
"
"1","Multiple R-squared: "
"1"," "
"1","0.008147"
"1",",	Adjusted R-squared: "
"1"," "
"1","0.006746"
"1"," "
"1","
F-statistic:"
"1"," "
"1","5.816"
"1"," "
"1","on"
"1"," "
"1","1"
"1"," "
"1","and"
"1"," "
"1","708"
"1"," "
"1","DF,  p-value:"
"1"," "
"1","0.01614"
"1","
"
"1","
"
"1","           "
"1","      2.5 %"
"1","   97.5 %"
"1","
(Intercept)"
"1"," 3.53165578"
"1"," 3.732232"
"1","
referendum "
"1"," 0.04306496"
"1"," 0.420320"
"1","
"
"0","#model with controls"
"0","ate.ac.c <- vector(length(actorcauses), mode = ""list"")"
"0","names(ate.ac.c) <- actorcauses"
"0",""
"0","for (i in 1:(length(actorcauses))){"
"0","  "
"0","  modelformula <- paste(actorcauses[i],right.side.c)"
"0","  print(modelformula)"
"0","  "
"0","  ate.ac.c[[actorcauses[i]]] <- eval(substitute(lm(.modelformula, data = Brexit), "
"0","                                             list(.modelformula = modelformula)))"
"0","  "
"0","  print(summary(ate.ac.c[[actorcauses[i]]])) #print results,"
"0","  print(confint(ate.ac.c[[actorcauses[i]]])) #including CIs"
"0","  "
"0","}"
"1","[1]"
"1"," ""cause_5 ~ referendum + age + employment_1 + exposure"""
"1","
"
"1","
Call:
"
"1",""
"1","lm(formula = ""cause_5 ~ referendum + age + employment_1 + exposure"", 
    data = Brexit)"
"1",""
"1","

"
"1",""
"1","Residuals:
"
"1","    Min "
"1","     1Q "
"1"," Median "
"1","     3Q "
"1","    Max "
"1","
"
"1","-3.1812 "
"1","-0.2783 "
"1"," 0.0688 "
"1"," 0.9424 "
"1"," 1.1539 "
"1","
"
"1","
Coefficients:
"
"1","            "
"1","  Estimate"
"1"," Std. Error"
"1"," t value"
"1"," Pr(>|t|)"
"1","    "
"1","
(Intercept) "
"1","  3.866277"
"1","   0.146469"
"1","  26.396"
"1","   <2e-16"
"1"," ***"
"1","
referendum  "
"1","  0.100475"
"1","   0.094096"
"1","   1.068"
"1","   0.2860"
"1","    "
"1","
age         "
"1","  0.002272"
"1","   0.002473"
"1","   0.919"
"1","   0.3585"
"1","    "
"1","
employment_1"
"1"," -0.063304"
"1","   0.088626"
"1","  -0.714"
"1","   0.4753"
"1","    "
"1","
exposure    "
"1","  0.139982"
"1","   0.084438"
"1","   1.658"
"1","   0.0978"
"1"," .  "
"1","
"
"1","---
Signif. codes:  "
"1",""
"1","0 ‘***’ 0.001 ‘**’ 0.01 ‘*’ 0.05 ‘.’ 0.1 ‘ ’ 1"
"1","
"
"1","
Residual standard error:"
"1"," "
"1","1.106"
"1"," "
"1","on"
"1"," "
"1","733"
"1"," "
"1","degrees of freedom"
"1","
"
"1","  ("
"1",""
"1","75 observations deleted due to missingness"
"1",""
"1",")
"
"1","Multiple R-squared: "
"1"," "
"1","0.008406"
"1",",	Adjusted R-squared: "
"1"," "
"1","0.002995"
"1"," "
"1","
F-statistic:"
"1"," "
"1","1.554"
"1"," "
"1","on"
"1"," "
"1","4"
"1"," "
"1","and"
"1"," "
"1","733"
"1"," "
"1","DF,  p-value:"
"1"," "
"1","0.185"
"1","
"
"1","
"
"1","            "
"1","        2.5 %"
"1","      97.5 %"
"1","
(Intercept) "
"1","  3.578727106"
"1"," 4.153826096"
"1","
referendum  "
"1"," -0.084255604"
"1"," 0.285205713"
"1","
age         "
"1"," -0.002582335"
"1"," 0.007126729"
"1","
employment_1"
"1"," -0.237295376"
"1"," 0.110687460"
"1","
exposure    "
"1"," -0.025787011"
"1"," 0.305751947"
"1","
"
"1","[1]"
"1"," ""cause_6 ~ referendum + age + employment_1 + exposure"""
"1","
"
"1","
Call:
"
"1",""
"1","lm(formula = ""cause_6 ~ referendum + age + employment_1 + exposure"", 
    data = Brexit)"
"1",""
"1","

"
"1",""
"1","Residuals:
"
"1","    Min "
"1","     1Q "
"1"," Median "
"1","     3Q "
"1","    Max "
"1","
"
"1","-2.9941 "
"1","-0.8067 "
"1"," 0.1752 "
"1"," 1.0924 "
"1"," 1.2998 "
"1","
"
"1","
Coefficients:
"
"1","            "
"1","  Estimate"
"1"," Std. Error"
"1"," t value"
"1"," Pr(>|t|)"
"1","    "
"1","
(Intercept) "
"1","  3.786828"
"1","   0.159000"
"1","  23.817"
"1","   <2e-16"
"1"," ***"
"1","
referendum  "
"1","  0.045936"
"1","   0.102064"
"1","   0.450"
"1","    0.653"
"1","    "
"1","
age         "
"1","  0.000738"
"1","   0.002683"
"1","   0.275"
"1","    0.783"
"1","    "
"1","
employment_1"
"1"," -0.100689"
"1","   0.096228"
"1","  -1.046"
"1","    0.296"
"1","    "
"1","
exposure    "
"1","  0.150458"
"1","   0.091688"
"1","   1.641"
"1","    0.101"
"1","    "
"1","
"
"1","---
Signif. codes:  "
"1",""
"1","0 ‘***’ 0.001 ‘**’ 0.01 ‘*’ 0.05 ‘.’ 0.1 ‘ ’ 1"
"1","
"
"1","
Residual standard error:"
"1"," "
"1","1.199"
"1"," "
"1","on"
"1"," "
"1","731"
"1"," "
"1","degrees of freedom"
"1","
"
"1","  ("
"1",""
"1","77 observations deleted due to missingness"
"1",""
"1",")
"
"1","Multiple R-squared: "
"1"," "
"1","0.006446"
"1",",	Adjusted R-squared: "
"1"," "
"1","0.00101"
"1"," "
"1","
F-statistic:"
"1"," "
"1","1.186"
"1"," "
"1","on"
"1"," "
"1","4"
"1"," "
"1","and"
"1"," "
"1","731"
"1"," "
"1","DF,  p-value:"
"1"," "
"1","0.3157"
"1","
"
"1","
"
"1","            "
"1","        2.5 %"
"1","      97.5 %"
"1","
(Intercept) "
"1","  3.474678069"
"1"," 4.098978703"
"1","
referendum  "
"1"," -0.154437742"
"1"," 0.246308977"
"1","
age         "
"1"," -0.004528668"
"1"," 0.006004661"
"1","
employment_1"
"1"," -0.289605409"
"1"," 0.088226651"
"1","
exposure    "
"1"," -0.029544914"
"1"," 0.330461333"
"1","
"
"1","[1]"
"1"," ""cause_7 ~ referendum + age + employment_1 + exposure"""
"1","
"
"1","
Call:
"
"1",""
"1","lm(formula = ""cause_7 ~ referendum + age + employment_1 + exposure"", 
    data = Brexit)"
"1",""
"1","

"
"1",""
"1","Residuals:
"
"1","     Min "
"1","      1Q "
"1","  Median "
"1","      3Q "
"1","     Max "
"1","
"
"1","-2.64546 "
"1","-1.02336 "
"1"," 0.06275 "
"1"," 0.85515 "
"1"," 2.15944 "
"1","
"
"1","
Coefficients:
"
"1","            "
"1","  Estimate"
"1"," Std. Error"
"1"," t value"
"1"," Pr(>|t|)"
"1","    "
"1","
(Intercept) "
"1","  3.585731"
"1","   0.178516"
"1","  20.086"
"1","  < 2e-16"
"1"," ***"
"1","
referendum  "
"1","  0.225119"
"1","   0.113206"
"1","   1.989"
"1","  0.04715"
"1"," *  "
"1","
age         "
"1"," -0.008704"
"1","   0.003020"
"1","  -2.882"
"1","  0.00407"
"1"," ** "
"1","
employment_1"
"1"," -0.043891"
"1","   0.106805"
"1","  -0.411"
"1","  0.68124"
"1","    "
"1","
exposure    "
"1","  0.055647"
"1","   0.101834"
"1","   0.546"
"1","  0.58493"
"1","    "
"1","
"
"1","---
Signif. codes:  "
"1",""
"1","0 ‘***’ 0.001 ‘**’ 0.01 ‘*’ 0.05 ‘.’ 0.1 ‘ ’ 1"
"1","
"
"1","
Residual standard error:"
"1"," "
"1","1.287"
"1"," "
"1","on"
"1"," "
"1","685"
"1"," "
"1","degrees of freedom"
"1","
"
"1","  ("
"1",""
"1","123 observations deleted due to missingness"
"1",""
"1",")
"
"1","Multiple R-squared: "
"1"," "
"1","0.02116"
"1",",	Adjusted R-squared: "
"1"," "
"1","0.01545"
"1"," "
"1","
F-statistic:"
"1"," "
"1","3.702"
"1"," "
"1","on"
"1"," "
"1","4"
"1"," "
"1","and"
"1"," "
"1","685"
"1"," "
"1","DF,  p-value:"
"1"," "
"1","0.00543"
"1","
"
"1","
"
"1","            "
"1","        2.5 %"
"1","       97.5 %"
"1","
(Intercept) "
"1","  3.235227582"
"1","  3.936234104"
"1","
referendum  "
"1","  0.002846404"
"1","  0.447390671"
"1","
age         "
"1"," -0.014633640"
"1"," -0.002775357"
"1","
employment_1"
"1"," -0.253595693"
"1","  0.165812761"
"1","
exposure    "
"1"," -0.144297281"
"1","  0.255592206"
"1","
"
"1","[1]"
"1"," ""cause_8 ~ referendum + age + employment_1 + exposure"""
"1","
"
"1","
Call:
"
"1",""
"1","lm(formula = ""cause_8 ~ referendum + age + employment_1 + exposure"", 
    data = Brexit)"
"1",""
"1","

"
"1",""
"1","Residuals:
"
"1","    Min "
"1","     1Q "
"1"," Median "
"1","     3Q "
"1","    Max "
"1","
"
"1","-3.0296 "
"1","-0.6917 "
"1"," 0.2469 "
"1"," 1.0084 "
"1"," 1.8742 "
"1","
"
"1","
Coefficients:
"
"1","            "
"1","  Estimate"
"1"," Std. Error"
"1"," t value"
"1"," Pr(>|t|)"
"1","    "
"1","
(Intercept) "
"1","  3.856596"
"1","   0.163726"
"1","  23.555"
"1","  < 2e-16"
"1"," ***"
"1","
referendum  "
"1","  0.253750"
"1","   0.100879"
"1","   2.515"
"1","  0.01211"
"1"," *  "
"1","
age         "
"1"," -0.007612"
"1","   0.002747"
"1","  -2.771"
"1","  0.00573"
"1"," ** "
"1","
employment_1"
"1"," -0.033495"
"1","   0.096468"
"1","  -0.347"
"1","  0.72853"
"1","    "
"1","
exposure    "
"1","  0.295351"
"1","   0.091705"
"1","   3.221"
"1","  0.00134"
"1"," ** "
"1","
"
"1","---
Signif. codes:  "
"1",""
"1","0 ‘***’ 0.001 ‘**’ 0.01 ‘*’ 0.05 ‘.’ 0.1 ‘ ’ 1"
"1","
"
"1","
Residual standard error:"
"1"," "
"1","1.176"
"1"," "
"1","on"
"1"," "
"1","704"
"1"," "
"1","degrees of freedom"
"1","
"
"1","  ("
"1",""
"1","104 observations deleted due to missingness"
"1",""
"1",")
"
"1","Multiple R-squared: "
"1"," "
"1","0.03173"
"1",",	Adjusted R-squared: "
"1"," "
"1","0.02623"
"1"," "
"1","
F-statistic:"
"1"," "
"1","5.768"
"1"," "
"1","on"
"1"," "
"1","4"
"1"," "
"1","and"
"1"," "
"1","704"
"1"," "
"1","DF,  p-value:"
"1"," "
"1","0.000143"
"1","
"
"1","
"
"1","            "
"1","       2.5 %"
"1","      97.5 %"
"1","
(Intercept) "
"1","  3.53514750"
"1","  4.17804535"
"1","
referendum  "
"1","  0.05568887"
"1","  0.45181014"
"1","
age         "
"1"," -0.01300591"
"1"," -0.00221896"
"1","
employment_1"
"1"," -0.22289389"
"1","  0.15590352"
"1","
exposure    "
"1","  0.11530307"
"1","  0.47539891"
"1","
"
"0","#model without controls"
"0","ate.ac.nc <- vector(length(actorcauses), mode = ""list"")"
"0","names(ate.ac.nc) <- actorcauses"
"0",""
"0","for (i in 1:(length(actorcauses))){"
"0","  "
"0","  modelformula <- paste(actorcauses[i],right.side.nc)"
"0","  print(modelformula)"
"0","  "
"0","  ate.ac.nc[[actorcauses[i]]] <- eval(substitute(lm(.modelformula, data = Brexit), "
"0","                                                list(.modelformula = modelformula)))"
"0","  "
"0","  print(summary(ate.ac.nc[[actorcauses[i]]])) #print results,"
"0","  print(confint(ate.ac.nc[[actorcauses[i]]])) #including CIs"
"0","  "
"0","}"
"1","[1]"
"1"," ""cause_5 ~ referendum"""
"1","
"
"1","
Call:
"
"1",""
"1","lm(formula = ""cause_5 ~ referendum"", data = Brexit)"
"1",""
"1","

"
"1",""
"1","Residuals:
"
"1","     Min "
"1","      1Q "
"1","  Median "
"1","      3Q "
"1","     Max "
"1","
"
"1","-3.06566 "
"1","-0.53837 "
"1","-0.01109 "
"1"," 0.98891 "
"1"," 0.98891 "
"1","
"
"1","
Coefficients:
"
"1","           "
"1"," Estimate"
"1"," Std. Error"
"1"," t value"
"1"," Pr(>|t|)"
"1","    "
"1","
(Intercept)"
"1","  4.01109"
"1","    0.04762"
"1","  84.235"
"1","   <2e-16"
"1"," ***"
"1","
referendum "
"1","  0.05457"
"1","    0.09199"
"1","   0.593"
"1","    0.553"
"1","    "
"1","
"
"1","---
Signif. codes:  "
"1",""
"1","0 ‘***’ 0.001 ‘**’ 0.01 ‘*’ 0.05 ‘.’ 0.1 ‘ ’ 1"
"1","
"
"1","
Residual standard error:"
"1"," "
"1","1.108"
"1"," "
"1","on"
"1"," "
"1","737"
"1"," "
"1","degrees of freedom"
"1","
"
"1","  ("
"1",""
"1","74 observations deleted due to missingness"
"1",""
"1",")
"
"1","Multiple R-squared: "
"1"," "
"1","0.0004771"
"1",",	Adjusted R-squared: "
"1"," "
"1","-0.0008791"
"1"," "
"1","
F-statistic:"
"1"," "
"1","0.3518"
"1"," "
"1","on"
"1"," "
"1","1"
"1"," "
"1","and"
"1"," "
"1","737"
"1"," "
"1","DF,  p-value:"
"1"," "
"1","0.5533"
"1","
"
"1","
"
"1","           "
"1","     2.5 %"
"1","   97.5 %"
"1","
(Intercept)"
"1","  3.917608"
"1"," 4.104574"
"1","
referendum "
"1"," -0.126036"
"1"," 0.235168"
"1","
"
"1","[1]"
"1"," ""cause_6 ~ referendum"""
"1","
"
"1","
Call:
"
"1",""
"1","lm(formula = ""cause_6 ~ referendum"", data = Brexit)"
"1",""
"1","

"
"1",""
"1","Residuals:
"
"1","    Min "
"1","     1Q "
"1"," Median "
"1","     3Q "
"1","    Max "
"1","
"
"1","-2.8485 "
"1","-0.8442 "
"1"," 0.1558 "
"1"," 1.1558 "
"1"," 1.1558 "
"1","
"
"1","
Coefficients:
"
"1","           "
"1"," Estimate"
"1"," Std. Error"
"1"," t value"
"1"," Pr(>|t|)"
"1","    "
"1","
(Intercept)"
"1"," 3.844156"
"1","   0.051687"
"1","  74.374"
"1","   <2e-16"
"1"," ***"
"1","
referendum "
"1"," 0.004329"
"1","   0.099720"
"1","   0.043"
"1","    0.965"
"1","    "
"1","
"
"1","---
Signif. codes:  "
"1",""
"1","0 ‘***’ 0.001 ‘**’ 0.01 ‘*’ 0.05 ‘.’ 0.1 ‘ ’ 1"
"1","
"
"1","
Residual standard error:"
"1"," "
"1","1.2"
"1"," "
"1","on"
"1"," "
"1","735"
"1"," "
"1","degrees of freedom"
"1","
"
"1","  ("
"1",""
"1","76 observations deleted due to missingness"
"1",""
"1",")
"
"1","Multiple R-squared: "
"1"," "
"1","2.564e-06"
"1",",	Adjusted R-squared: "
"1"," "
"1","-0.001358"
"1"," "
"1","
F-statistic:"
"1"," "
"1","0.001885"
"1"," "
"1","on"
"1"," "
"1","1"
"1"," "
"1","and"
"1"," "
"1","735"
"1"," "
"1","DF,  p-value:"
"1"," "
"1","0.9654"
"1","
"
"1","
"
"1","           "
"1","      2.5 %"
"1","    97.5 %"
"1","
(Intercept)"
"1","  3.7426845"
"1"," 3.9456271"
"1","
referendum "
"1"," -0.1914402"
"1"," 0.2000982"
"1","
"
"1","[1]"
"1"," ""cause_7 ~ referendum"""
"1","
"
"1","
Call:
"
"1",""
"1","lm(formula = ""cause_7 ~ referendum"", data = Brexit)"
"1",""
"1","

"
"1",""
"1","Residuals:
"
"1","    Min "
"1","     1Q "
"1"," Median "
"1","     3Q "
"1","    Max "
"1","
"
"1","-2.4348 "
"1","-1.1657 "
"1","-0.1657 "
"1"," 0.8343 "
"1"," 1.8343 "
"1","
"
"1","
Coefficients:
"
"1","           "
"1"," Estimate"
"1"," Std. Error"
"1"," t value"
"1"," Pr(>|t|)"
"1","    "
"1","
(Intercept)"
"1","  3.16568"
"1","    0.05736"
"1","  55.190"
"1","   <2e-16"
"1"," ***"
"1","
referendum "
"1","  0.26910"
"1","    0.11116"
"1","   2.421"
"1","   0.0157"
"1"," *  "
"1","
"
"1","---
Signif. codes:  "
"1",""
"1","0 ‘***’ 0.001 ‘**’ 0.01 ‘*’ 0.05 ‘.’ 0.1 ‘ ’ 1"
"1","
"
"1","
Residual standard error:"
"1"," "
"1","1.292"
"1"," "
"1","on"
"1"," "
"1","689"
"1"," "
"1","degrees of freedom"
"1","
"
"1","  ("
"1",""
"1","122 observations deleted due to missingness"
"1",""
"1",")
"
"1","Multiple R-squared: "
"1"," "
"1","0.008435"
"1",",	Adjusted R-squared: "
"1"," "
"1","0.006996"
"1"," "
"1","
F-statistic:"
"1"," "
"1","5.861"
"1"," "
"1","on"
"1"," "
"1","1"
"1"," "
"1","and"
"1"," "
"1","689"
"1"," "
"1","DF,  p-value:"
"1"," "
"1","0.01574"
"1","
"
"1","
"
"1","           "
"1","      2.5 %"
"1","    97.5 %"
"1","
(Intercept)"
"1"," 3.05306066"
"1"," 3.2783003"
"1","
referendum "
"1"," 0.05085682"
"1"," 0.4873475"
"1","
"
"1","[1]"
"1"," ""cause_8 ~ referendum"""
"1","
"
"1","
Call:
"
"1",""
"1","lm(formula = ""cause_8 ~ referendum"", data = Brexit)"
"1",""
"1","

"
"1",""
"1","Residuals:
"
"1","    Min "
"1","     1Q "
"1"," Median "
"1","     3Q "
"1","    Max "
"1","
"
"1","-2.8636 "
"1","-0.6016 "
"1"," 0.3984 "
"1"," 1.1364 "
"1"," 1.3984 "
"1","
"
"1","
Coefficients:
"
"1","           "
"1"," Estimate"
"1"," Std. Error"
"1"," t value"
"1"," Pr(>|t|)"
"1","    "
"1","
(Intercept)"
"1","  3.60156"
"1","    0.05247"
"1","  68.639"
"1","  < 2e-16"
"1"," ***"
"1","
referendum "
"1","  0.26207"
"1","    0.09936"
"1","   2.638"
"1","  0.00853"
"1"," ** "
"1","
"
"1","---
Signif. codes:  "
"1",""
"1","0 ‘***’ 0.001 ‘**’ 0.01 ‘*’ 0.05 ‘.’ 0.1 ‘ ’ 1"
"1","
"
"1","
Residual standard error:"
"1"," "
"1","1.187"
"1"," "
"1","on"
"1"," "
"1","708"
"1"," "
"1","degrees of freedom"
"1","
"
"1","  ("
"1",""
"1","103 observations deleted due to missingness"
"1",""
"1",")
"
"1","Multiple R-squared: "
"1"," "
"1","0.00973"
"1",",	Adjusted R-squared: "
"1"," "
"1","0.008332"
"1"," "
"1","
F-statistic:"
"1"," "
"1","6.957"
"1"," "
"1","on"
"1"," "
"1","1"
"1"," "
"1","and"
"1"," "
"1","708"
"1"," "
"1","DF,  p-value:"
"1"," "
"1","0.008533"
"1","
"
"1","
"
"1","           "
"1","      2.5 %"
"1","    97.5 %"
"1","
(Intercept)"
"1"," 3.49854456"
"1"," 3.7045804"
"1","
referendum "
"1"," 0.06699535"
"1"," 0.4571524"
"1","
"
